Workbook

Sheet RacePerformance
A1: RaceID | B1: Date | C1: RaceName | D1: FederationTotalBirds | E1: LoftTotalBirds | F1: ChickID | G1: Distance_km | H1: Speed_mpm | I1: FederationPos | J1: LoftPos | K1: RaceIndex_calc | L1: LoftRaced In
A2: KOMGA | B2: 30/05/2026 | C2: KOMGA 1 | D2: 160 | E2: 15 | F2: ZA-2025-DUVE-533 | G2: 334 | H2: 1242.984 | I2: 20 | J2: 2 | K2: =IFERROR(((D2 - I2 + 1)/D2 + (E2 - J2 + 1)/E2)/2,"") -> 0.90729167 | L2: GEORGE VAN ONSELEN
A3: BUTTERWORTH | B3: 13/06/2026 | C3: BUTTERWORTH 1 | D3: 133 | E3: 15 | F3: ZA-2025-DUVE-527 | G3: 369 | H3: 971.337 | I3: 47 | J3: 3 | K3: =IFERROR(((D3 - I3 + 1)/D3 + (E3 - J3 + 1)/E3)/2,"") -> 0.760401 | L3: GEORGE VAN ONSELEN
A4: BUTTERWORTH | B4: 13/06/2026 | C4: BUTTERWORTH 1 | D4: 133 | E4: 15 | F4: ZA-2025-DUVE-548 | G4: 369 | H4: 970.996 | I4: 48 | J4: 4 | K4: =IFERROR(((D4 - I4 + 1)/D4 + (E4 - J4 + 1)/E4)/2,"") -> 0.72330827 | L4: GEORGE VAN ONSELEN
A5: KOMGA | B5: 07/06/2026 | C5: KOMGA 2 | D5: 161 | E5: 15 | F5: ZA-2025-DUVE-527 | G5: 334 | H5: 1059.09 | I5: 58 | J5: 4 | K5: =IFERROR(((D5 - I5 + 1)/D5 + (E5 - J5 + 1)/E5)/2,"") -> 0.72298137 | L5: GEORGE VAN ONSELEN
A6: BUTTERWORTH | B6: 13/06/2026 | C6: BUTTERWORTH 1 | D6: 133 | E6: 15 | F6: ZA-2025-DUVE-512 | G6: 369 | H6: 960.508 | I6: 52 | J6: 5 | K6: =IFERROR(((D6 - I6 + 1)/D6 + (E6 - J6 + 1)/E6)/2,"") -> 0.67493734 | L6: GEORGE VAN ONSELEN
A7: BUTTERWORTH | B7: 13/06/2026 | C7: BUTTERWORTH 1 | D7: 133 | E7: 15 | F7: ZA-2025-DUVE-578 | G7: 369 | H7: 960.216 | I7: 53 | J7: 6 | K7: =IFERROR(((D7 - I7 + 1)/D7 + (E7 - J7 + 1)/E7)/2,"") -> 0.63784461 | L7: GEORGE VAN ONSELEN
A8: MIDDELBURG | B8: 07/06/2026 | C8: MIDDELBURG 2 | D8: 161 | E8: 15 | F8: ZA-2025-DUVE-536 | G8: 280 | H8: 1067.239 | I8: 66 | J8: 6 | K8: =IFERROR(((D8 - I8 + 1)/D8 + (E8 - J8 + 1)/E8)/2,"") -> 0.63146998 | L8: GEORGE VAN ONSELEN
A9: KOMGA | B9: 30/05/2026 | C9: KOMGA 1 | D9: 160 | E9: 15 | F9: ZA-2025-DUVE-557 | G9: 334 | H9: 1125.713 | I9: 79 | J9: 8 | K9: =IFERROR(((D9 - I9 + 1)/D9 + (E9 - J9 + 1)/E9)/2,"") -> 0.52291667 | L9: GEORGE VAN ONSELEN
A10: KOMGA | B10: 07/06/2026 | C10: KOMGA 2 | D10: 161 | E10: 15 | F10: ZA-2025-DUVE-512 | G10: 334 | H10: 755.752 | I10: 92 | J10: 8 | K10: =IFERROR(((D10 - I10 + 1)/D10 + (E10 - J10 + 1)/E10)/2,"") -> 0.48405797 | L10: GEORGE VAN ONSELEN
A11: KOMGA | B11: 07/06/2026 | C11: KOMGA 2 | D11: 161 | E11: 15 | F11: ZA-2025-DUVE-530 | G11: 334 | H11: 236.92 | I11: 103 | J11: 9 | K11: =IFERROR(((D11 - I11 + 1)/D11 + (E11 - J11 + 1)/E11)/2,"") -> 0.41656315 | L11: GEORGE VAN ONSELEN
A12: BUTTERWORTH | B12: 13/06/2026 | C12: BUTTERWORTH 1 | D12: 133 | E12: 15 | F12: ZA-2025-DUVE-533 | G12: 369 | H12: 883.083 | I12: 79 | J12: 10 | K12: =IFERROR(((D12 - I12 + 1)/D12 + (E12 - J12 + 1)/E12)/2,"") -> 0.40676692 | L12: GEORGE VAN ONSELEN
A13: BUTTERWORTH | B13: 13/06/2026 | C13: BUTTERWORTH 1 | D13: 133 | E13: 15 | F13: ZA-2025-DUVE-558 | G13: 369 | H13: 842.331 | I13: 89 | J13: 11 | K13: =IFERROR(((D13 - I13 + 1)/D13 + (E13 - J13 + 1)/E13)/2,"") -> 0.3358396 | L13: GEORGE VAN ONSELEN
... A17: BUTTERWORTH | B17: 13/06/2026 | C17: BUTTERWORTH 1 | D17: 133 | E17: 15 | F17: ZA-2025-DUVE-536 | G17: 369 | H17: 243.714 | I17: 107 | J17: 14 | K17: =IFERROR(((D17 - I17 + 1)/D17 + (E17 - J17 + 1)/E17)/2,"") -> 0.16817043 | L17: GEORGE VAN ONSELEN

Sheet Chicks
A1: ChickID | B1: Ring | C1: RoundNumber | D1: HatchDate | E1: RaisedbyFeeders | F1: SireID | G1: DamID | H1: Pre-Season Rating | I1: InLoftsSeasonStart | J1: TotalRaces | K1: AvgFederationPos | L1: AvgLoftPos | M1: AverageRaceIndex | N1: Top20FedFinishes | O1: FedWins | P1: Loft top 3
A2: ZA-2025-DUVE-502 | B2: 502 | C2: 1 | D2: 45904 | F2: ZA-2015-OP-7903 | G2: ZA-2019-OP-9331 | H2: 80 | I2: Yes | J2: =IF(A2="","",COUNTIF(RacePerformance!$F:$F,A2)) -> 0 | K2: =IF(A2="","",IFERROR(AVERAGEIF(RacePerformance!$F:$F,A2,RacePerformance!$I:$I),"")) | L2: =IF(A2="","",IFERROR(AVERAGEIF(RacePerformance!$F:$F,A2,RacePerformance!$J:$J),"")) | M2: =IF(A2="","",IFERROR(AVERAGEIF(RacePerformance!$F:$F,A2,RacePerformance!$K:$K),"")) | N2: =IF(A2="","",COUNTIFS(RacePerformance!$F:$F,A2,RacePerformance!$I:$I,"<=20")) -> 0 | O2: =IF(A2="","",COUNTIFS(RacePerformance!$F:$F,A2,RacePerformance!$I:$I,1)) -> 0 | P2: =IF(A2="","",COUNTIFS(RacePerformance!$F:$F,A2,RacePerformance!$J:$J,"<=3")) -> 0 | R2: 502
A3: ZA-2025-DUVE-512 | B3: 512 | C3: 1 | D3: 45904 | F3: ZA-2015-OP-7903 | G3: ZA-2019-OP-9331 | H3: 75 | I3: Yes | J3: =IF(A3="","",COUNTIF(RacePerformance!$F:$F,A3)) -> 2 | K3: =IF(A3="","",IFERROR(AVERAGEIF(RacePerformance!$F:$F,A3,RacePerformance!$I:$I),"")) -> 72 | L3: =IF(A3="","",IFERROR(AVERAGEIF(RacePerformance!$F:$F,A3,RacePerformance!$J:$J),"")) -> 6.5 | M3: =IF(A3="","",IFERROR(AVERAGEIF(RacePerformance!$F:$F,A3,RacePerformance!$K:$K),"")) -> 0.57949766 | N3: =IF(A3="","",COUNTIFS(RacePerformance!$F:$F,A3,RacePerformance!$I:$I,"<=20")) -> 0 | O3: =IF(A3="","",COUNTIFS(RacePerformance!$F:$F,A3,RacePerformance!$I:$I,1)) -> 0 | P3: =IF(A3="","",COUNTIFS(RacePerformance!$F:$F,A3,RacePerformance!$J:$J,"<=3")) -> 0 | R3: 506
A4: ZA-2025-DUVE-507 | B4: 507 | C4: 1 | D4: 45859 | F4: ZA-2019-OPJB-251 | G4: ZA-2020-OP-17032 | I4: No | J4: =IF(A4="","",COUNTIF(RacePerformance!$F:$F,A4)) -> 0 | K4: =IF(A4="","",IFERROR(AVERAGEIF(RacePerformance!$F:$F,A4,RacePerformance!$I:$I),"")) | L4: =IF(A4="","",IFERROR(AVERAGEIF(RacePerformance!$F:$F,A4,RacePerformance!$J:$J),"")) | M4: =IF(A4="","",IFERROR(AVERAGEIF(RacePerformance!$F:$F,A4,RacePerformance!$K:$K),"")) | N4: =IF(A4="","",COUNTIFS(RacePerformance!$F:$F,A4,RacePerformance!$I:$I,"<=20")) -> 0 | O4: =IF(A4="","",COUNTIFS(RacePerformance!$F:$F,A4,RacePerformance!$I:$I,1)) -> 0 | P4: =IF(A4="","",COUNTIFS(RacePerformance!$F:$F,A4,RacePerformance!$J:$J,"<=3")) -> 0 | R4: 512
A5: ZA-2025-DUVE-527 | B5: 527 | C5: 2 | D5: 45904 | F5: ZA-2019-OPJB-251 | G5: ZA-2020-OP-17032 | H5: 85 | I5: Yes | J5: =IF(A5="","",COUNTIF(RacePerformance!$F:$F,A5)) -> 2 | K5: =IF(A5="","",IFERROR(AVERAGEIF(RacePerformance!$F:$F,A5,RacePerformance!$I:$I),"")) -> 52.5 | L5: =IF(A5="","",IFERROR(AVERAGEIF(RacePerformance!$F:$F,A5,RacePerformance!$J:$J),"")) -> 3.5 | M5: =IF(A5="","",IFERROR(AVERAGEIF(RacePerformance!$F:$F,A5,RacePerformance!$K:$K),"")) -> 0.74169118 | N5: =IF(A5="","",COUNTIFS(RacePerformance!$F:$F,A5,RacePerformance!$I:$I,"<=20")) -> 0 | O5: =IF(A5="","",COUNTIFS(RacePerformance!$F:$F,A5,RacePerformance!$I:$I,1)) -> 0 | P5: =IF(A5="","",COUNTIFS(RacePerformance!$F:$F,A5,RacePerformance!$J:$J,"<=3")) -> 1 | R5: 516
A6: ZA-2025-DUVE-537 | B6: 537 | C6: 2 | D6: 45904 | F6: ZA-2019-OPJB-251 | G6: ZA-2020-OP-17032 | H6: 80 | I6: Yes | J6: =IF(A6="","",COUNTIF(RacePerformance!$F:$F,A6)) -> 0 | K6: =IF(A6="","",IFERROR(AVERAGEIF(RacePerformance!$F:$F,A6,RacePerformance!$I:$I),"")) | L6: =IF(A6="","",IFERROR(AVERAGEIF(RacePerformance!$F:$F,A6,RacePerformance!$J:$J),"")) | M6: =IF(A6="","",IFERROR(AVERAGEIF(RacePerformance!$F:$F,A6,RacePerformance!$K:$K),"")) | N6: =IF(A6="","",COUNTIFS(RacePerformance!$F:$F,A6,RacePerformance!$I:$I,"<=20")) -> 0 | O6: =IF(A6="","",COUNTIFS(RacePerformance!$F:$F,A6,RacePerformance!$I:$I,1)) -> 0 | P6: =IF(A6="","",COUNTIFS(RacePerformance!$F:$F,A6,RacePerformance!$J:$J,"<=3")) -> 0 | R6: 520
A7: ZA-2025-DUVE-517 | B7: 517 | C7: 1 | D7: 45859 | F7: ZA-2019-OPJB-251 | G7: ZA-2020-OP-17032 | H7: 70 | I7: No | J7: =IF(A7="","",COUNTIF(RacePerformance!$F:$F,A7)) -> 0 | K7: =IF(A7="","",IFERROR(AVERAGEIF(RacePerformance!$F:$F,A7,RacePerformance!$I:$I),"")) | L7: =IF(A7="","",IFERROR(AVERAGEIF(RacePerformance!$F:$F,A7,RacePerformance!$J:$J),"")) | M7: =IF(A7="","",IFERROR(AVERAGEIF(RacePerformance!$F:$F,A7,RacePerformance!$K:$K),"")) | N7: =IF(A7="","",COUNTIFS(RacePerformance!$F:$F,A7,RacePerformance!$I:$I,"<=20")) -> 0 | O7: =IF(A7="","",COUNTIFS(RacePerformance!$F:$F,A7,RacePerformance!$I:$I,1)) -> 0 | P7: =IF(A7="","",COUNTIFS(RacePerformance!$F:$F,A7,RacePerformance!$J:$J,"<=3")) -> 0 | R7: 525
A8: ZA-2025-DUVE-557 | B8: 557 | C8: 2 | D8: 45943 | F8: ZA-2019-OPJB-251 | G8: ZA-2020-OP-17032 | H8: 85 | I8: Yes | J8: =IF(A8="","",COUNTIF(RacePerformance!$F:$F,A8)) -> 1 | K8: =IF(A8="","",IFERROR(AVERAGEIF(RacePerformance!$F:$F,A8,RacePerformance!$I:$I),"")) -> 79 | L8: =IF(A8="","",IFERROR(AVERAGEIF(RacePerformance!$F:$F,A8,RacePerformance!$J:$J),"")) -> 8 | M8: =IF(A8="","",IFERROR(AVERAGEIF(RacePerformance!$F:$F,A8,RacePerformance!$K:$K),"")) -> 0.52291667 | N8: =IF(A8="","",COUNTIFS(RacePerformance!$F:$F,A8,RacePerformance!$I:$I,"<=20")) -> 0 | O8: =IF(A8="","",COUNTIFS(RacePerformance!$F:$F,A8,RacePerformance!$I:$I,1)) -> 0 | P8: =IF(A8="","",COUNTIFS(RacePerformance!$F:$F,A8,RacePerformance!$J:$J,"<=3")) -> 0 | R8: 527
A9: ZA-2025-DUVE-547 | B9: 547 | C9: 2 | D9: 45943 | F9: ZA-2019-OPJB-251 | G9: ZA-2020-OP-17032 | H9: 85 | I9: No | J9: =IF(A9="","",COUNTIF(RacePerformance!$F:$F,A9)) -> 0 | K9: =IF(A9="","",IFERROR(AVERAGEIF(RacePerformance!$F:$F,A9,RacePerformance!$I:$I),"")) | L9: =IF(A9="","",IFERROR(AVERAGEIF(RacePerformance!$F:$F,A9,RacePerformance!$J:$J),"")) | M9: =IF(A9="","",IFERROR(AVERAGEIF(RacePerformance!$F:$F,A9,RacePerformance!$K:$K),"")) | N9: =IF(A9="","",COUNTIFS(RacePerformance!$F:$F,A9,RacePerformance!$I:$I,"<=20")) -> 0 | O9: =IF(A9="","",COUNTIFS(RacePerformance!$F:$F,A9,RacePerformance!$I:$I,1)) -> 0 | P9: =IF(A9="","",COUNTIFS(RacePerformance!$F:$F,A9,RacePerformance!$J:$J,"<=3")) -> 0 | R9: 528
A10: ZA-2025-DUVE-503 | B10: 503 | C10: 1 | D10: 45858 | F10: ZA-2020-OP-19773 | G10: ZA-2022-DUVE-255 | H10: 85 | I10: No | J10: =IF(A10="","",COUNTIF(RacePerformance!$F:$F,A10)) -> 0 | K10: =IF(A10="","",IFERROR(AVERAGEIF(RacePerformance!$F:$F,A10,RacePerformance!$I:$I),"")) | L10: =IF(A10="","",IFERROR(AVERAGEIF(RacePerformance!$F:$F,A10,RacePerformance!$J:$J),"")) | M10: =IF(A10="","",IFERROR(AVERAGEIF(RacePerformance!$F:$F,A10,RacePerformance!$K:$K),"")) | N10: =IF(A10="","",COUNTIFS(RacePerformance!$F:$F,A10,RacePerformance!$I:$I,"<=20")) -> 0 | O10: =IF(A10="","",COUNTIFS(RacePerformance!$F:$F,A10,RacePerformance!$I:$I,1)) -> 0 | P10: =IF(A10="","",COUNTIFS(RacePerformance!$F:$F,A10,RacePerformance!$J:$J,"<=3")) -> 0 | R10: 530
A11: ZA-2025-DUVE-513 | B11: 513 | C11: 1 | D11: 45858 | F11: ZA-2020-OP-19773 | G11: ZA-2022-DUVE-255 | H11: 85 | I11: No | J11: =IF(A11="","",COUNTIF(RacePerformance!$F:$F,A11)) -> 0 | K11: =IF(A11="","",IFERROR(AVERAGEIF(RacePerformance!$F:$F,A11,RacePerformance!$I:$I),"")) | L11: =IF(A11="","",IFERROR(AVERAGEIF(RacePerformance!$F:$F,A11,RacePerformance!$J:$J),"")) | M11: =IF(A11="","",IFERROR(AVERAGEIF(RacePerformance!$F:$F,A11,RacePerformance!$K:$K),"")) | N11: =IF(A11="","",COUNTIFS(RacePerformance!$F:$F,A11,RacePerformance!$I:$I,"<=20")) -> 0 | O11: =IF(A11="","",COUNTIFS(RacePerformance!$F:$F,A11,RacePerformance!$I:$I,1)) -> 0 | P11: =IF(A11="","",COUNTIFS(RacePerformance!$F:$F,A11,RacePerformance!$J:$J,"<=3")) -> 0 | R11: 533
A12: ZA-2025-DUVE-523 | B12: 523 | C12: 2 | D12: 45903 | F12: ZA-2020-OP-19773 | G12: ZA-2022-DUVE-255 | H12: 75 | I12: No | J12: =IF(A12="","",COUNTIF(RacePerformance!$F:$F,A12)) -> 0 | K12: =IF(A12="","",IFERROR(AVERAGEIF(RacePerformance!$F:$F,A12,RacePerformance!$I:$I),"")) | L12: =IF(A12="","",IFERROR(AVERAGEIF(RacePerformance!$F:$F,A12,RacePerformance!$J:$J),"")) | M12: =IF(A12="","",IFERROR(AVERAGEIF(RacePerformance!$F:$F,A12,RacePerformance!$K:$K),"")) | N12: =IF(A12="","",COUNTIFS(RacePerformance!$F:$F,A12,RacePerformance!$I:$I,"<=20")) -> 0 | O12: =IF(A12="","",COUNTIFS(RacePerformance!$F:$F,A12,RacePerformance!$I:$I,1)) -> 0 | P12: =IF(A12="","",COUNTIFS(RacePerformance!$F:$F,A12,RacePerformance!$J:$J,"<=3")) -> 0 | R12: 536
A13: ZA-2025-DUVE-533 | B13: 533 | C13: 2 | D13: 45903 | F13: ZA-2020-OP-19773 | G13: ZA-2022-DUVE-255 | H13: 90 | I13: Yes | J13: =IF(A13="","",COUNTIF(RacePerformance!$F:$F,A13)) -> 2 | K13: =IF(A13="","",IFERROR(AVERAGEIF(RacePerformance!$F:$F,A13,RacePerformance!$I:$I),"")) -> 49.5 | L13: =IF(A13="","",IFERROR(AVERAGEIF(RacePerformance!$F:$F,A13,RacePerformance!$J:$J),"")) -> 6 | M13: =IF(A13="","",IFERROR(AVERAGEIF(RacePerformance!$F:$F,A13,RacePerformance!$K:$K),"")) -> 0.65702929 | N13: =IF(A13="","",COUNTIFS(RacePerformance!$F:$F,A13,RacePerformance!$I:$I,"<=20")) -> 1 | O13: =IF(A13="","",COUNTIFS(RacePerformance!$F:$F,A13,RacePerformance!$I:$I,1)) -> 0 | P13: =IF(A13="","",COUNTIFS(RacePerformance!$F:$F,A13,RacePerformance!$J:$J,"<=3")) -> 1 | R13: 537
A14: ZA-2025-DUVE-543 | B14: 543 | C14: 3 | D14: 45937 | F14: ZA-2020-OP-19773 | G14: ZA-2022-DUVE-255 | H14: 75 | I14: No | J14: =IF(A14="","",COUNTIF(RacePerformance!$F:$F,A14)) -> 0 | K14: =IF(A14="","",IFERROR(AVERAGEIF(RacePerformance!$F:$F,A14,RacePerformance!$I:$I),"")) | L14: =IF(A14="","",IFERROR(AVERAGEIF(RacePerformance!$F:$F,A14,RacePerformance!$J:$J),"")) | M14: =IF(A14="","",IFERROR(AVERAGEIF(RacePerformance!$F:$F,A14,RacePerformance!$K:$K),"")) | N14: =IF(A14="","",COUNTIFS(RacePerformance!$F:$F,A14,RacePerformance!$I:$I,"<=20")) -> 0 | O14: =IF(A14="","",COUNTIFS(RacePerformance!$F:$F,A14,RacePerformance!$I:$I,1)) -> 0 | P14: =IF(A14="","",COUNTIFS(RacePerformance!$F:$F,A14,RacePerformance!$J:$J,"<=3")) -> 0 | R14: 538
A15: ZA-2025-DUVE-553 | B15: 553 | C15: 3 | D15: 45937 | F15: ZA-2020-OP-19773 | G15: ZA-2022-DUVE-255 | H15: 85 | I15: No | J15: =IF(A15="","",COUNTIF(RacePerformance!$F:$F,A15)) -> 0 | K15: =IF(A15="","",IFERROR(AVERAGEIF(RacePerformance!$F:$F,A15,RacePerformance!$I:$I),"")) | L15: =IF(A15="","",IFERROR(AVERAGEIF(RacePerformance!$F:$F,A15,RacePerformance!$J:$J),"")) | M15: =IF(A15="","",IFERROR(AVERAGEIF(RacePerformance!$F:$F,A15,RacePerformance!$K:$K),"")) | N15: =IF(A15="","",COUNTIFS(RacePerformance!$F:$F,A15,RacePerformance!$I:$I,"<=20")) -> 0 | O15: =IF(A15="","",COUNTIFS(RacePerformance!$F:$F,A15,RacePerformance!$I:$I,1)) -> 0 | P15: =IF(A15="","",COUNTIFS(RacePerformance!$F:$F,A15,RacePerformance!$J:$J,"<=3")) -> 0 | R15: 540
A16: ZA-2025-DUVE-563 | B16: 563 | C16: 4 | D16: 45967 | E16: Yes | F16: ZA-2020-OP-19773 | G16: ZA-2022-DUVE-255 | H16: 70 | I16: No | J16: =IF(A16="","",COUNTIF(RacePerformance!$F:$F,A16)) -> 0 | K16: =IF(A16="","",IFERROR(AVERAGEIF(RacePerformance!$F:$F,A16,RacePerformance!$I:$I),"")) | L16: =IF(A16="","",IFERROR(AVERAGEIF(RacePerformance!$F:$F,A16,RacePerformance!$J:$J),"")) | M16: =IF(A16="","",IFERROR(AVERAGEIF(RacePerformance!$F:$F,A16,RacePerformance!$K:$K),"")) | N16: =IF(A16="","",COUNTIFS(RacePerformance!$F:$F,A16,RacePerformance!$I:$I,"<=20")) -> 0 | O16: =IF(A16="","",COUNTIFS(RacePerformance!$F:$F,A16,RacePerformance!$I:$I,1)) -> 0 | P16: =IF(A16="","",COUNTIFS(RacePerformance!$F:$F,A16,RacePerformance!$J:$J,"<=3")) -> 0 | R16: 546
A17: ZA-2025-DUVE-505 | B17: 505 | C17: 1 | D17: 45843 | E17: Yes | F17: ZA-2022-DUVE-240 | G17: ZA-2019-OP-9331 | H17: 85 | I17: No | J17: =IF(A17="","",COUNTIF(RacePerformance!$F:$F,A17)) -> 0 | K17: =IF(A17="","",IFERROR(AVERAGEIF(RacePerformance!$F:$F,A17,RacePerformance!$I:$I),"")) | L17: =IF(A17="","",IFERROR(AVERAGEIF(RacePerformance!$F:$F,A17,RacePerformance!$J:$J),"")) | M17: =IF(A17="","",IFERROR(AVERAGEIF(RacePerformance!$F:$F,A17,RacePerformance!$K:$K),"")) | N17: =IF(A17="","",COUNTIFS(RacePerformance!$F:$F,A17,RacePerformance!$I:$I,"<=20")) -> 0 | O17: =IF(A17="","",COUNTIFS(RacePerformance!$F:$F,A17,RacePerformance!$I:$I,1)) -> 0 | P17: =IF(A17="","",COUNTIFS(RacePerformance!$F:$F,A17,RacePerformance!$J:$J,"<=3")) -> 0 | R17: 548
A18: ZA-2025-DUVE-515 | B18: 515 | C18: 2 | D18: 45918 | E18: Yes | F18: ZA-2022-DUVE-240 | G18: ZA-2022-DUVE-243 | I18: No | J18: =IF(A18="","",COUNTIF(RacePerformance!$F:$F,A18)) -> 0 | K18: =IF(A18="","",IFERROR(AVERAGEIF(RacePerformance!$F:$F,A18,RacePerformance!$I:$I),"")) | L18: =IF(A18="","",IFERROR(AVERAGEIF(RacePerformance!$F:$F,A18,RacePerformance!$J:$J),"")) | M18: =IF(A18="","",IFERROR(AVERAGEIF(RacePerformance!$F:$F,A18,RacePerformance!$K:$K),"")) | N18: =IF(A18="","",COUNTIFS(RacePerformance!$F:$F,A18,RacePerformance!$I:$I,"<=20")) -> 0 | O18: =IF(A18="","",COUNTIFS(RacePerformance!$F:$F,A18,RacePerformance!$I:$I,1)) -> 0 | P18: =IF(A18="","",COUNTIFS(RacePerformance!$F:$F,A18,RacePerformance!$J:$J,"<=3")) -> 0 | R18: 556
A19: ZA-2025-DUVE-525 | B19: 525 | C19: 2 | D19: 45918 | E19: Yes | F19: ZA-2022-DUVE-240 | G19: ZA-2022-DUVE-243 | H19: 80 | I19: Yes | J19: =IF(A19="","",COUNTIF(RacePerformance!$F:$F,A19)) -> 0 | K19: =IF(A19="","",IFERROR(AVERAGEIF(RacePerformance!$F:$F,A19,RacePerformance!$I:$I),"")) | L19: =IF(A19="","",IFERROR(AVERAGEIF(RacePerformance!$F:$F,A19,RacePerformance!$J:$J),"")) | M19: =IF(A19="","",IFERROR(AVERAGEIF(RacePerformance!$F:$F,A19,RacePerformance!$K:$K),"")) | N19: =IF(A19="","",COUNTIFS(RacePerformance!$F:$F,A19,RacePerformance!$I:$I,"<=20")) -> 0 | O19: =IF(A19="","",COUNTIFS(RacePerformance!$F:$F,A19,RacePerformance!$I:$I,1)) -> 0 | P19: =IF(A19="","",COUNTIFS(RacePerformance!$F:$F,A19,RacePerformance!$J:$J,"<=3")) -> 0
A20: ZA-2025-DUVE-526 | B20: 526 | C20: 2 | D20: 45925 | F20: ZA-2022-DUVE-241 | G20: ZA-2022-DUVE-233 | H20: 90 | I20: No | J20: =IF(A20="","",COUNTIF(RacePerformance!$F:$F,A20)) -> 0 | K20: =IF(A20="","",IFERROR(AVERAGEIF(RacePerformance!$F:$F,A20,RacePerformance!$I:$I),"")) | L20: =IF(A20="","",IFERROR(AVERAGEIF(RacePerformance!$F:$F,A20,RacePerformance!$J:$J),"")) | M20: =IF(A20="","",IFERROR(AVERAGEIF(RacePerformance!$F:$F,A20,RacePerformance!$K:$K),"")) | N20: =IF(A20="","",COUNTIFS(RacePerformance!$F:$F,A20,RacePerformance!$I:$I,"<=20")) -> 0 | O20: =IF(A20="","",COUNTIFS(RacePerformance!$F:$F,A20,RacePerformance!$I:$I,1)) -> 0 | P20: =IF(A20="","",COUNTIFS(RacePerformance!$F:$F,A20,RacePerformance!$J:$J,"<=3")) -> 0
A21: ZA-2025-DUVE-506 | B21: 506 | C21: 1 | D21: 45868 | F21: ZA-2022-DUVE-241 | G21: ZA-2022-DUVE-233 | H21: 85 | I21: Yes | J21: =IF(A21="","",COUNTIF(RacePerformance!$F:$F,A21)) -> 0 | K21: =IF(A21="","",IFERROR(AVERAGEIF(RacePerformance!$F:$F,A21,RacePerformance!$I:$I),"")) | L21: =IF(A21="","",IFERROR(AVERAGEIF(RacePerformance!$F:$F,A21,RacePerformance!$J:$J),"")) | M21: =IF(A21="","",IFERROR(AVERAGEIF(RacePerformance!$F:$F,A21,RacePerformance!$K:$K),"")) | N21: =IF(A21="","",COUNTIFS(RacePerformance!$F:$F,A21,RacePerformance!$I:$I,"<=20")) -> 0 | O21: =IF(A21="","",COUNTIFS(RacePerformance!$F:$F,A21,RacePerformance!$I:$I,1)) -> 0 | P21: =IF(A21="","",COUNTIFS(RacePerformance!$F:$F,A21,RacePerformance!$J:$J,"<=3")) -> 0
A22: ZA-2025-DUVE-516 | B22: 516 | C22: 1 | D22: 45868 | F22: ZA-2022-DUVE-241 | G22: ZA-2022-DUVE-233 | H22: 85 | I22: Yes | J22: =IF(A22="","",COUNTIF(RacePerformance!$F:$F,A22)) -> 0 | K22: =IF(A22="","",IFERROR(AVERAGEIF(RacePerformance!$F:$F,A22,RacePerformance!$I:$I),"")) | L22: =IF(A22="","",IFERROR(AVERAGEIF(RacePerformance!$F:$F,A22,RacePerformance!$J:$J),"")) | M22: =IF(A22="","",IFERROR(AVERAGEIF(RacePerformance!$F:$F,A22,RacePerformance!$K:$K),"")) | N22: =IF(A22="","",COUNTIFS(RacePerformance!$F:$F,A22,RacePerformance!$I:$I,"<=20")) -> 0 | O22: =IF(A22="","",COUNTIFS(RacePerformance!$F:$F,A22,RacePerformance!$I:$I,1)) -> 0 | P22: =IF(A22="","",COUNTIFS(RacePerformance!$F:$F,A22,RacePerformance!$J:$J,"<=3")) -> 0
A23: ZA-2025-DUVE-536 | B23: 536 | C23: 2 | D23: 45925 | F23: ZA-2022-DUVE-241 | G23: ZA-2022-DUVE-233 | H23: 85 | I23: Yes | J23: =IF(A23="","",COUNTIF(RacePerformance!$F:$F,A23)) -> 2 | K23: =IF(A23="","",IFERROR(AVERAGEIF(RacePerformance!$F:$F,A23,RacePerformance!$I:$I),"")) -> 86.5 | L23: =IF(A23="","",IFERROR(AVERAGEIF(RacePerformance!$F:$F,A23,RacePerformance!$J:$J),"")) -> 10 | M23: =IF(A23="","",IFERROR(AVERAGEIF(RacePerformance!$F:$F,A23,RacePerformance!$K:$K),"")) -> 0.3998202 | N23: =IF(A23="","",COUNTIFS(RacePerformance!$F:$F,A23,RacePerformance!$I:$I,"<=20")) -> 0 | O23: =IF(A23="","",COUNTIFS(RacePerformance!$F:$F,A23,RacePerformance!$I:$I,1)) -> 0 | P23: =IF(A23="","",COUNTIFS(RacePerformance!$F:$F,A23,RacePerformance!$J:$J,"<=3")) -> 0
A24: ZA-2025-DUVE-546 | B24: 546 | C24: 3 | D24: 45966 | F24: ZA-2022-DUVE-241 | G24: ZA-2022-DUVE-233 | H24: 75 | I24: Yes | J24: =IF(A24="","",COUNTIF(RacePerformance!$F:$F,A24)) -> 0 | K24: =IF(A24="","",IFERROR(AVERAGEIF(RacePerformance!$F:$F,A24,RacePerformance!$I:$I),"")) | L24: =IF(A24="","",IFERROR(AVERAGEIF(RacePerformance!$F:$F,A24,RacePerformance!$J:$J),"")) | M24: =IF(A24="","",IFERROR(AVERAGEIF(RacePerformance!$F:$F,A24,RacePerformance!$K:$K),"")) | N24: =IF(A24="","",COUNTIFS(RacePerformance!$F:$F,A24,RacePerformance!$I:$I,"<=20")) -> 0 | O24: =IF(A24="","",COUNTIFS(RacePerformance!$F:$F,A24,RacePerformance!$I:$I,1)) -> 0 | P24: =IF(A24="","",COUNTIFS(RacePerformance!$F:$F,A24,RacePerformance!$J:$J,"<=3")) -> 0
A25: ZA-2025-DUVE-556 | B25: 556 | C25: 3 | D25: 45966 | F25: ZA-2022-DUVE-241 | G25: ZA-2022-DUVE-233 | H25: 85 | I25: Yes | J25: =IF(A25="","",COUNTIF(RacePerformance!$F:$F,A25)) -> 0 | K25: =IF(A25="","",IFERROR(AVERAGEIF(RacePerformance!$F:$F,A25,RacePerformance!$I:$I),"")) | L25: =IF(A25="","",IFERROR(AVERAGEIF(RacePerformance!$F:$F,A25,RacePerformance!$J:$J),"")) | M25: =IF(A25="","",IFERROR(AVERAGEIF(RacePerformance!$F:$F,A25,RacePerformance!$K:$K),"")) | N25: =IF(A25="","",COUNTIFS(RacePerformance!$F:$F,A25,RacePerformance!$I:$I,"<=20")) -> 0 | O25: =IF(A25="","",COUNTIFS(RacePerformance!$F:$F,A25,RacePerformance!$I:$I,1)) -> 0 | P25: =IF(A25="","",COUNTIFS(RacePerformance!$F:$F,A25,RacePerformance!$J:$J,"<=3")) -> 0
A26: ZA-2025-DUVE-508 | B26: 508 | C26: 1 | D26: 45843 | F26: ZA-2022-DUVE-302 | G26: ZA-2020-OPDP-2190 | H26: 85 | I26: No | J26: =IF(A26="","",COUNTIF(RacePerformance!$F:$F,A26)) -> 0 | K26: =IF(A26="","",IFERROR(AVERAGEIF(RacePerformance!$F:$F,A26,RacePerformance!$I:$I),"")) | L26: =IF(A26="","",IFERROR(AVERAGEIF(RacePerformance!$F:$F,A26,RacePerformance!$J:$J),"")) | M26: =IF(A26="","",IFERROR(AVERAGEIF(RacePerformance!$F:$F,A26,RacePerformance!$K:$K),"")) | N26: =IF(A26="","",COUNTIFS(RacePerformance!$F:$F,A26,RacePerformance!$I:$I,"<=20")) -> 0 | O26: =IF(A26="","",COUNTIFS(RacePerformance!$F:$F,A26,RacePerformance!$I:$I,1)) -> 0 | P26: =IF(A26="","",COUNTIFS(RacePerformance!$F:$F,A26,RacePerformance!$J:$J,"<=3")) -> 0
A27: ZA-2025-DUVE-518 | B27: 518 | C27: 1 | D27: 45843 | F27: ZA-2022-DUVE-302 | G27: ZA-2020-OPDP-2190 | H27: 90 | I27: No | J27: =IF(A27="","",COUNTIF(RacePerformance!$F:$F,A27)) -> 0 | K27: =IF(A27="","",IFERROR(AVERAGEIF(RacePerformance!$F:$F,A27,RacePerformance!$I:$I),"")) | L27: =IF(A27="","",IFERROR(AVERAGEIF(RacePerformance!$F:$F,A27,RacePerformance!$J:$J),"")) | M27: =IF(A27="","",IFERROR(AVERAGEIF(RacePerformance!$F:$F,A27,RacePerformance!$K:$K),"")) | N27: =IF(A27="","",COUNTIFS(RacePerformance!$F:$F,A27,RacePerformance!$I:$I,"<=20")) -> 0 | O27: =IF(A27="","",COUNTIFS(RacePerformance!$F:$F,A27,RacePerformance!$I:$I,1)) -> 0 | P27: =IF(A27="","",COUNTIFS(RacePerformance!$F:$F,A27,RacePerformance!$J:$J,"<=3")) -> 0
A28: ZA-2025-DUVE-528 | B28: 528 | C28: 2 | D28: 45925 | E28: Yes | F28: ZA-2022-DUVE-302 | G28: ZA-2020-OPDP-2190 | H28: 85 | I28: Yes | J28: =IF(A28="","",COUNTIF(RacePerformance!$F:$F,A28)) -> 0 | K28: =IF(A28="","",IFERROR(AVERAGEIF(RacePerformance!$F:$F,A28,RacePerformance!$I:$I),"")) | L28: =IF(A28="","",IFERROR(AVERAGEIF(RacePerformance!$F:$F,A28,RacePerformance!$J:$J),"")) | M28: =IF(A28="","",IFERROR(AVERAGEIF(RacePerformance!$F:$F,A28,RacePerformance!$K:$K),"")) | N28: =IF(A28="","",COUNTIFS(RacePerformance!$F:$F,A28,RacePerformance!$I:$I,"<=20")) -> 0 | O28: =IF(A28="","",COUNTIFS(RacePerformance!$F:$F,A28,RacePerformance!$I:$I,1)) -> 0 | P28: =IF(A28="","",COUNTIFS(RacePerformance!$F:$F,A28,RacePerformance!$J:$J,"<=3")) -> 0
A29: ZA-2025-DUVE-538 | B29: 538 | C29: 2 | D29: 45925 | E29: Yes | F29: ZA-2022-DUVE-302 | G29: ZA-2020-OPDP-2190 | H29: 85 | I29: Yes | J29: =IF(A29="","",COUNTIF(RacePerformance!$F:$F,A29)) -> 0 | K29: =IF(A29="","",IFERROR(AVERAGEIF(RacePerformance!$F:$F,A29,RacePerformance!$I:$I),"")) | L29: =IF(A29="","",IFERROR(AVERAGEIF(RacePerformance!$F:$F,A29,RacePerformance!$J:$J),"")) | M29: =IF(A29="","",IFERROR(AVERAGEIF(RacePerformance!$F:$F,A29,RacePerformance!$K:$K),"")) | N29: =IF(A29="","",COUNTIFS(RacePerformance!$F:$F,A29,RacePerformance!$I:$I,"<=20")) -> 0 | O29: =IF(A29="","",COUNTIFS(RacePerformance!$F:$F,A29,RacePerformance!$I:$I,1)) -> 0 | P29: =IF(A29="","",COUNTIFS(RacePerformance!$F:$F,A29,RacePerformance!$J:$J,"<=3")) -> 0
A30: ZA-2025-DUVE-548 | B30: 548 | C30: 3 | D30: 45945 | E30: Yes | F30: ZA-2022-DUVE-302 | G30: ZA-2020-OPDP-2190 | H30: 85 | I30: Yes | J30: =IF(A30="","",COUNTIF(RacePerformance!$F:$F,A30)) -> 2 | K30: =IF(A30="","",IFERROR(AVERAGEIF(RacePerformance!$F:$F,A30,RacePerformance!$I:$I),"")) -> 80.5 | L30: =IF(A30="","",IFERROR(AVERAGEIF(RacePerformance!$F:$F,A30,RacePerformance!$J:$J),"")) -> 7.5 | M30: =IF(A30="","",IFERROR(AVERAGEIF(RacePerformance!$F:$F,A30,RacePerformance!$K:$K),"")) -> 0.5283208 | N30: =IF(A30="","",COUNTIFS(RacePerformance!$F:$F,A30,RacePerformance!$I:$I,"<=20")) -> 0 | O30: =IF(A30="","",COUNTIFS(RacePerformance!$F:$F,A30,RacePerformance!$I:$I,1)) -> 0 | P30: =IF(A30="","",COUNTIFS(RacePerformance!$F:$F,A30,RacePerformance!$J:$J,"<=3")) -> 0
A31: ZA-2025-DUVE-558 | B31: 558 | C31: 3 | D31: 45945 | E31: Yes | F31: ZA-2022-DUVE-302 | G31: ZA-2020-OPDP-2190 | H31: 90 | I31: Yes | J31: =IF(A31="","",COUNTIF(RacePerformance!$F:$F,A31)) -> 1 | K31: =IF(A31="","",IFERROR(AVERAGEIF(RacePerformance!$F:$F,A31,RacePerformance!$I:$I),"")) -> 89 | L31: =IF(A31="","",IFERROR(AVERAGEIF(RacePerformance!$F:$F,A31,RacePerformance!$J:$J),"")) -> 11 | M31: =IF(A31="","",IFERROR(AVERAGEIF(RacePerformance!$F:$F,A31,RacePerformance!$K:$K),"")) -> 0.3358396 | N31: =IF(A31="","",COUNTIFS(RacePerformance!$F:$F,A31,RacePerformance!$I:$I,"<=20")) -> 0 | O31: =IF(A31="","",COUNTIFS(RacePerformance!$F:$F,A31,RacePerformance!$I:$I,1)) -> 0 | P31: =IF(A31="","",COUNTIFS(RacePerformance!$F:$F,A31,RacePerformance!$J:$J,"<=3")) -> 0
A32: ZA-2025-DUVE-578 | B32: 578 | C32: 4 | D32: 45983 | E32: Yes | F32: ZA-2022-DUVE-302 | G32: ZA-2022-DUVE-243 | H32: 75 | I32: Yes | J32: =IF(A32="","",COUNTIF(RacePerformance!$F:$F,A32)) -> 1 | K32: =IF(A32="","",IFERROR(AVERAGEIF(RacePerformance!$F:$F,A32,RacePerformance!$I:$I),"")) -> 53 | L32: =IF(A32="","",IFERROR(AVERAGEIF(RacePerformance!$F:$F,A32,RacePerformance!$J:$J),"")) -> 6 | M32: =IF(A32="","",IFERROR(AVERAGEIF(RacePerformance!$F:$F,A32,RacePerformance!$K:$K),"")) -> 0.63784461 | N32: =IF(A32="","",COUNTIFS(RacePerformance!$F:$F,A32,RacePerformance!$I:$I,"<=20")) -> 0 | O32: =IF(A32="","",COUNTIFS(RacePerformance!$F:$F,A32,RacePerformance!$I:$I,1)) -> 0 | P32: =IF(A32="","",COUNTIFS(RacePerformance!$F:$F,A32,RacePerformance!$J:$J,"<=3")) -> 0
A33: ZA-2025-DUVE-568 | B33: 568 | C33: 4 | D33: 45983 | E33: Yes | F33: ZA-2022-DUVE-302 | G33: ZA-2022-DUVE-243 | H33: 75 | I33: No | J33: =IF(A33="","",COUNTIF(RacePerformance!$F:$F,A33)) -> 0 | K33: =IF(A33="","",IFERROR(AVERAGEIF(RacePerformance!$F:$F,A33,RacePerformance!$I:$I),"")) | L33: =IF(A33="","",IFERROR(AVERAGEIF(RacePerformance!$F:$F,A33,RacePerformance!$J:$J),"")) | M33: =IF(A33="","",IFERROR(AVERAGEIF(RacePerformance!$F:$F,A33,RacePerformance!$K:$K),"")) | N33: =IF(A33="","",COUNTIFS(RacePerformance!$F:$F,A33,RacePerformance!$I:$I,"<=20")) -> 0 | O33: =IF(A33="","",COUNTIFS(RacePerformance!$F:$F,A33,RacePerformance!$I:$I,1)) -> 0 | P33: =IF(A33="","",COUNTIFS(RacePerformance!$F:$F,A33,RacePerformance!$J:$J,"<=3")) -> 0
A34: ZA-2025-DUVE-520 | B34: 520 | C34: 3 | D34: 45962 | E34: Yes | F34: ZA-2022-GRP-029 | G34: ZA-2019-OP-9331 | H34: 75 | I34: Yes | J34: =IF(A34="","",COUNTIF(RacePerformance!$F:$F,A34)) -> 0 | K34: =IF(A34="","",IFERROR(AVERAGEIF(RacePerformance!$F:$F,A34,RacePerformance!$I:$I),"")) | L34: =IF(A34="","",IFERROR(AVERAGEIF(RacePerformance!$F:$F,A34,RacePerformance!$J:$J),"")) | M34: =IF(A34="","",IFERROR(AVERAGEIF(RacePerformance!$F:$F,A34,RacePerformance!$K:$K),"")) | N34: =IF(A34="","",COUNTIFS(RacePerformance!$F:$F,A34,RacePerformance!$I:$I,"<=20")) -> 0 | O34: =IF(A34="","",COUNTIFS(RacePerformance!$F:$F,A34,RacePerformance!$I:$I,1)) -> 0 | P34: =IF(A34="","",COUNTIFS(RacePerformance!$F:$F,A34,RacePerformance!$J:$J,"<=3")) -> 0
A35: ZA-2025-DUVE-530 | B35: 530 | C35: 1 | D35: 45967 | F35: ZA-2024-DUVENAGE-425 | G35: ZA-2020-OPDP-2190 | H35: 75 | I35: Yes | J35: =IF(A35="","",COUNTIF(RacePerformance!$F:$F,A35)) -> 2 | K35: =IF(A35="","",IFERROR(AVERAGEIF(RacePerformance!$F:$F,A35,RacePerformance!$I:$I),"")) -> 104.5 | L35: =IF(A35="","",IFERROR(AVERAGEIF(RacePerformance!$F:$F,A35,RacePerformance!$J:$J),"")) -> 11 | M35: =IF(A35="","",IFERROR(AVERAGEIF(RacePerformance!$F:$F,A35,RacePerformance!$K:$K),"")) -> 0.31091315 | N35: =IF(A35="","",COUNTIFS(RacePerformance!$F:$F,A35,RacePerformance!$I:$I,"<=20")) -> 0 | O35: =IF(A35="","",COUNTIFS(RacePerformance!$F:$F,A35,RacePerformance!$I:$I,1)) -> 0 | P35: =IF(A35="","",COUNTIFS(RacePerformance!$F:$F,A35,RacePerformance!$J:$J,"<=3")) -> 0
A36: ZA-2025-DUVE-540 | B36: 540 | C36: 1 | D36: 45967 | F36: ZA-2024-DUVENAGE-425 | G36: ZA-2020-OPDP-2190 | H36: 80 | I36: Yes | J36: =IF(A36="","",COUNTIF(RacePerformance!$F:$F,A36)) -> 1 | K36: =IF(A36="","",IFERROR(AVERAGEIF(RacePerformance!$F:$F,A36,RacePerformance!$I:$I),"")) -> 112 | L36: =IF(A36="","",IFERROR(AVERAGEIF(RacePerformance!$F:$F,A36,RacePerformance!$J:$J),"")) -> 12 | M36: =IF(A36="","",IFERROR(AVERAGEIF(RacePerformance!$F:$F,A36,RacePerformance!$K:$K),"")) -> 0.28861284 | N36: =IF(A36="","",COUNTIFS(RacePerformance!$F:$F,A36,RacePerformance!$I:$I,"<=20")) -> 0 | O36: =IF(A36="","",COUNTIFS(RacePerformance!$F:$F,A36,RacePerformance!$I:$I,1)) -> 0 | P36: =IF(A36="","",COUNTIFS(RacePerformance!$F:$F,A36,RacePerformance!$J:$J,"<=3")) -> 0
A37: ZA-2025-DUVE-510 | B37: 510 | C37: 2 | D37: 45954 | E37: Yes | F37: ZA-2024-GAMTOOS-233 | G37: ZA-2022-DUVE-243 | H37: 85 | I37: No | J37: =IF(A37="","",COUNTIF(RacePerformance!$F:$F,A37)) -> 0 | K37: =IF(A37="","",IFERROR(AVERAGEIF(RacePerformance!$F:$F,A37,RacePerformance!$I:$I),"")) | L37: =IF(A37="","",IFERROR(AVERAGEIF(RacePerformance!$F:$F,A37,RacePerformance!$J:$J),"")) | M37: =IF(A37="","",IFERROR(AVERAGEIF(RacePerformance!$F:$F,A37,RacePerformance!$K:$K),"")) | N37: =IF(A37="","",COUNTIFS(RacePerformance!$F:$F,A37,RacePerformance!$I:$I,"<=20")) -> 0 | O37: =IF(A37="","",COUNTIFS(RacePerformance!$F:$F,A37,RacePerformance!$I:$I,1)) -> 0 | P37: =IF(A37="","",COUNTIFS(RacePerformance!$F:$F,A37,RacePerformance!$J:$J,"<=3")) -> 0
A38: ZA-2025-DUVE-550 | B38: 550 | C38: 1 | D38: 45984 | F38: ZA-2024-GAMTOOS-233 | G38: ZA-2019-OP-9331 | H38: 75 | I38: No | J38: =IF(A38="","",COUNTIF(RacePerformance!$F:$F,A38)) -> 0 | K38: =IF(A38="","",IFERROR(AVERAGEIF(RacePerformance!$F:$F,A38,RacePerformance!$I:$I),"")) | L38: =IF(A38="","",IFERROR(AVERAGEIF(RacePerformance!$F:$F,A38,RacePerformance!$J:$J),"")) | M38: =IF(A38="","",IFERROR(AVERAGEIF(RacePerformance!$F:$F,A38,RacePerformance!$K:$K),"")) | N38: =IF(A38="","",COUNTIFS(RacePerformance!$F:$F,A38,RacePerformance!$I:$I,"<=20")) -> 0 | O38: =IF(A38="","",COUNTIFS(RacePerformance!$F:$F,A38,RacePerformance!$I:$I,1)) -> 0 | P38: =IF(A38="","",COUNTIFS(RacePerformance!$F:$F,A38,RacePerformance!$J:$J,"<=3")) -> 0
A39: ZA-2025-DUVE-560 | B39: 560 | C39: 1 | D39: 45984 | F39: ZA-2024-GAMTOOS-233 | G39: ZA-2019-OP-9331 | H39: 75 | I39: Yes | J39: =IF(A39="","",COUNTIF(RacePerformance!$F:$F,A39)) -> 0 | K39: =IF(A39="","",IFERROR(AVERAGEIF(RacePerformance!$F:$F,A39,RacePerformance!$I:$I),"")) | L39: =IF(A39="","",IFERROR(AVERAGEIF(RacePerformance!$F:$F,A39,RacePerformance!$J:$J),"")) | M39: =IF(A39="","",IFERROR(AVERAGEIF(RacePerformance!$F:$F,A39,RacePerformance!$K:$K),"")) | N39: =IF(A39="","",COUNTIFS(RacePerformance!$F:$F,A39,RacePerformance!$I:$I,"<=20")) -> 0 | O39: =IF(A39="","",COUNTIFS(RacePerformance!$F:$F,A39,RacePerformance!$I:$I,1)) -> 0 | P39: =IF(A39="","",COUNTIFS(RacePerformance!$F:$F,A39,RacePerformance!$J:$J,"<=3")) -> 0
J40: =IF(A40="","",COUNTIF(RacePerformance!$F:$F,A40)) | K40: =IF(A40="","",IFERROR(AVERAGEIF(RacePerformance!$F:$F,A40,RacePerformance!$I:$I),"")) | L40: =IF(A40="","",IFERROR(AVERAGEIF(RacePerformance!$F:$F,A40,RacePerformance!$J:$J),"")) | M40: =IF(A40="","",IFERROR(AVERAGEIF(RacePerformance!$F:$F,A40,RacePerformance!$K:$K),"")) | N40: =IF(A40="","",COUNTIFS(RacePerformance!$F:$F,A40,RacePerformance!$I:$I,"<=20")) | O40: =IF(A40="","",COUNTIFS(RacePerformance!$F:$F,A40,RacePerformance!$I:$I,1)) | P40: =IF(A40="","",COUNTIFS(RacePerformance!$F:$F,A40,RacePerformance!$J:$J,"<=3"))
J41: =IF(A41="","",COUNTIF(RacePerformance!$F:$F,A41)) | K41: =IF(A41="","",IFERROR(AVERAGEIF(RacePerformance!$F:$F,A41,RacePerformance!$I:$I),"")) | L41: =IF(A41="","",IFERROR(AVERAGEIF(RacePerformance!$F:$F,A41,RacePerformance!$J:$J),"")) | M41: =IF(A41="","",IFERROR(AVERAGEIF(RacePerformance!$F:$F,A41,RacePerformance!$K:$K),"")) | N41: =IF(A41="","",COUNTIFS(RacePerformance!$F:$F,A41,RacePerformance!$I:$I,"<=20")) | O41: =IF(A41="","",COUNTIFS(RacePerformance!$F:$F,A41,RacePerformance!$I:$I,1)) | P41: =IF(A41="","",COUNTIFS(RacePerformance!$F:$F,A41,RacePerformance!$J:$J,"<=3"))
J42: =IF(A42="","",COUNTIF(RacePerformance!$F:$F,A42)) | K42: =IF(A42="","",IFERROR(AVERAGEIF(RacePerformance!$F:$F,A42,RacePerformance!$I:$I),"")) | L42: =IF(A42="","",IFERROR(AVERAGEIF(RacePerformance!$F:$F,A42,RacePerformance!$J:$J),"")) | M42: =IF(A42="","",IFERROR(AVERAGEIF(RacePerformance!$F:$F,A42,RacePerformance!$K:$K),"")) | N42: =IF(A42="","",COUNTIFS(RacePerformance!$F:$F,A42,RacePerformance!$I:$I,"<=20")) | O42: =IF(A42="","",COUNTIFS(RacePerformance!$F:$F,A42,RacePerformance!$I:$I,1)) | P42: =IF(A42="","",COUNTIFS(RacePerformance!$F:$F,A42,RacePerformance!$J:$J,"<=3"))
J43: =IF(A43="","",COUNTIF(RacePerformance!$F:$F,A43)) | K43: =IF(A43="","",IFERROR(AVERAGEIF(RacePerformance!$F:$F,A43,RacePerformance!$I:$I),"")) | L43: =IF(A43="","",IFERROR(AVERAGEIF(RacePerformance!$F:$F,A43,RacePerformance!$J:$J),"")) | M43: =IF(A43="","",IFERROR(AVERAGEIF(RacePerformance!$F:$F,A43,RacePerformance!$K:$K),"")) | N43: =IF(A43="","",COUNTIFS(RacePerformance!$F:$F,A43,RacePerformance!$I:$I,"<=20")) | O43: =IF(A43="","",COUNTIFS(RacePerformance!$F:$F,A43,RacePerformance!$I:$I,1)) | P43: =IF(A43="","",COUNTIFS(RacePerformance!$F:$F,A43,RacePerformance!$J:$J,"<=3"))
J44: =IF(A44="","",COUNTIF(RacePerformance!$F:$F,A44)) | K44: =IF(A44="","",IFERROR(AVERAGEIF(RacePerformance!$F:$F,A44,RacePerformance!$I:$I),"")) | L44: =IF(A44="","",IFERROR(AVERAGEIF(RacePerformance!$F:$F,A44,RacePerformance!$J:$J),"")) | M44: =IF(A44="","",IFERROR(AVERAGEIF(RacePerformance!$F:$F,A44,RacePerformance!$K:$K),"")) | N44: =IF(A44="","",COUNTIFS(RacePerformance!$F:$F,A44,RacePerformance!$I:$I,"<=20")) | O44: =IF(A44="","",COUNTIFS(RacePerformance!$F:$F,A44,RacePerformance!$I:$I,1)) | P44: =IF(A44="","",COUNTIFS(RacePerformance!$F:$F,A44,RacePerformance!$J:$J,"<=3"))
J45: =IF(A45="","",COUNTIF(RacePerformance!$F:$F,A45)) | K45: =IF(A45="","",IFERROR(AVERAGEIF(RacePerformance!$F:$F,A45,RacePerformance!$I:$I),"")) | L45: =IF(A45="","",IFERROR(AVERAGEIF(RacePerformance!$F:$F,A45,RacePerformance!$J:$J),"")) | M45: =IF(A45="","",IFERROR(AVERAGEIF(RacePerformance!$F:$F,A45,RacePerformance!$K:$K),"")) | N45: =IF(A45="","",COUNTIFS(RacePerformance!$F:$F,A45,RacePerformance!$I:$I,"<=20")) | O45: =IF(A45="","",COUNTIFS(RacePerformance!$F:$F,A45,RacePerformance!$I:$I,1)) | P45: =IF(A45="","",COUNTIFS(RacePerformance!$F:$F,A45,RacePerformance!$J:$J,"<=3"))
J46: =IF(A46="","",COUNTIF(RacePerformance!$F:$F,A46)) | K46: =IF(A46="","",IFERROR(AVERAGEIF(RacePerformance!$F:$F,A46,RacePerformance!$I:$I),"")) | L46: =IF(A46="","",IFERROR(AVERAGEIF(RacePerformance!$F:$F,A46,RacePerformance!$J:$J),"")) | M46: =IF(A46="","",IFERROR(AVERAGEIF(RacePerformance!$F:$F,A46,RacePerformance!$K:$K),"")) | N46: =IF(A46="","",COUNTIFS(RacePerformance!$F:$F,A46,RacePerformance!$I:$I,"<=20")) | O46: =IF(A46="","",COUNTIFS(RacePerformance!$F:$F,A46,RacePerformance!$I:$I,1)) | P46: =IF(A46="","",COUNTIFS(RacePerformance!$F:$F,A46,RacePerformance!$J:$J,"<=3"))
J47: =IF(A47="","",COUNTIF(RacePerformance!$F:$F,A47)) | K47: =IF(A47="","",IFERROR(AVERAGEIF(RacePerformance!$F:$F,A47,RacePerformance!$I:$I),"")) | L47: =IF(A47="","",IFERROR(AVERAGEIF(RacePerformance!$F:$F,A47,RacePerformance!$J:$J),"")) | M47: =IF(A47="","",IFERROR(AVERAGEIF(RacePerformance!$F:$F,A47,RacePerformance!$K:$K),"")) | N47: =IF(A47="","",COUNTIFS(RacePerformance!$F:$F,A47,RacePerformance!$I:$I,"<=20")) | O47: =IF(A47="","",COUNTIFS(RacePerformance!$F:$F,A47,RacePerformance!$I:$I,1)) | P47: =IF(A47="","",COUNTIFS(RacePerformance!$F:$F,A47,RacePerformance!$J:$J,"<=3"))
J48: =IF(A48="","",COUNTIF(RacePerformance!$F:$F,A48)) | K48: =IF(A48="","",IFERROR(AVERAGEIF(RacePerformance!$F:$F,A48,RacePerformance!$I:$I),"")) | L48: =IF(A48="","",IFERROR(AVERAGEIF(RacePerformance!$F:$F,A48,RacePerformance!$J:$J),"")) | M48: =IF(A48="","",IFERROR(AVERAGEIF(RacePerformance!$F:$F,A48,RacePerformance!$K:$K),"")) | N48: =IF(A48="","",COUNTIFS(RacePerformance!$F:$F,A48,RacePerformance!$I:$I,"<=20")) | O48: =IF(A48="","",COUNTIFS(RacePerformance!$F:$F,A48,RacePerformance!$I:$I,1)) | P48: =IF(A48="","",COUNTIFS(RacePerformance!$F:$F,A48,RacePerformance!$J:$J,"<=3"))
J49: =IF(A49="","",COUNTIF(RacePerformance!$F:$F,A49)) | K49: =IF(A49="","",IFERROR(AVERAGEIF(RacePerformance!$F:$F,A49,RacePerformance!$I:$I),"")) | L49: =IF(A49="","",IFERROR(AVERAGEIF(RacePerformance!$F:$F,A49,RacePerformance!$J:$J),"")) | M49: =IF(A49="","",IFERROR(AVERAGEIF(RacePerformance!$F:$F,A49,RacePerformance!$K:$K),"")) | N49: =IF(A49="","",COUNTIFS(RacePerformance!$F:$F,A49,RacePerformance!$I:$I,"<=20")) | O49: =IF(A49="","",COUNTIFS(RacePerformance!$F:$F,A49,RacePerformance!$I:$I,1)) | P49: =IF(A49="","",COUNTIFS(RacePerformance!$F:$F,A49,RacePerformance!$J:$J,"<=3"))
J50: =IF(A50="","",COUNTIF(RacePerformance!$F:$F,A50)) | K50: =IF(A50="","",IFERROR(AVERAGEIF(RacePerformance!$F:$F,A50,RacePerformance!$I:$I),"")) | L50: =IF(A50="","",IFERROR(AVERAGEIF(RacePerformance!$F:$F,A50,RacePerformance!$J:$J),"")) | M50: =IF(A50="","",IFERROR(AVERAGEIF(RacePerformance!$F:$F,A50,RacePerformance!$K:$K),"")) | N50: =IF(A50="","",COUNTIFS(RacePerformance!$F:$F,A50,RacePerformance!$I:$I,"<=20")) | O50: =IF(A50="","",COUNTIFS(RacePerformance!$F:$F,A50,RacePerformance!$I:$I,1)) | P50: =IF(A50="","",COUNTIFS(RacePerformance!$F:$F,A50,RacePerformance!$J:$J,"<=3"))
J51: =IF(A51="","",COUNTIF(RacePerformance!$F:$F,A51)) | K51: =IF(A51="","",IFERROR(AVERAGEIF(RacePerformance!$F:$F,A51,RacePerformance!$I:$I),"")) | L51: =IF(A51="","",IFERROR(AVERAGEIF(RacePerformance!$F:$F,A51,RacePerformance!$J:$J),"")) | M51: =IF(A51="","",IFERROR(AVERAGEIF(RacePerformance!$F:$F,A51,RacePerformance!$K:$K),"")) | N51: =IF(A51="","",COUNTIFS(RacePerformance!$F:$F,A51,RacePerformance!$I:$I,"<=20")) | O51: =IF(A51="","",COUNTIFS(RacePerformance!$F:$F,A51,RacePerformance!$I:$I,1)) | P51: =IF(A51="","",COUNTIFS(RacePerformance!$F:$F,A51,RacePerformance!$J:$J,"<=3"))
... J992: =IF(A992="","",COUNTIF(RacePerformance!$F:$F,A992)) | K992: =IF(A992="","",IFERROR(AVERAGEIF(RacePerformance!$F:$F,A992,RacePerformance!$I:$I),"")) | L992: =IF(A992="","",IFERROR(AVERAGEIF(RacePerformance!$F:$F,A992,RacePerformance!$J:$J),"")) | M992: =IF(A992="","",IFERROR(AVERAGEIF(RacePerformance!$F:$F,A992,RacePerformance!$K:$K),"")) | N992: =IF(A992="","",COUNTIFS(RacePerformance!$F:$F,A992,RacePerformance!$I:$I,"<=20")) | O992: =IF(A992="","",COUNTIFS(RacePerformance!$F:$F,A992,RacePerformance!$I:$I,1)) | P992: =IF(A992="","",COUNTIFS(RacePerformance!$F:$F,A992,RacePerformance!$J:$J,"<=3"))

Sheet Cocks
A1: CockID | B1: Name | C1: GENDER | D1: Pre-Season Rank | E1: STATUS | F1: TotalChicksBred | G1: InLoftsSeasonStart | H1: ChicksTotalRaces | I1: ChicksNotInLoft | J1: BreedingIndex | K1: Top20FedFinishes | L1: FedWins | M1: Loft top 3 | N1: Ranking | O1: InLoftsSeasonStart
A2: 28732 | D2: =IFERROR(AVERAGEIF(Chicks!$F:$F, $A2, Chicks!$H:$H), "") | F2: =IF(A2="","",COUNTIF(Chicks!$F:$F,A2)) -> 0 | G2: =IF(A2="","",COUNTIFS(Chicks!$F:$F,A2,Chicks!$I:$I,"Yes")) -> 0 | H2: =IF(A2="","",SUMIFS(Chicks!$J:$J,Chicks!$F:$F,A2)) -> 0 | I2: =IF(A2="","",COUNTIFS(Chicks!$F:$F,A2,Chicks!$I:$I,"No")) -> 0 | J2: =IF(A2="","",IFERROR(AVERAGEIF(Chicks!$F:$F,A2,Chicks!$M:$M),"")) | K2: =IF(A2="","",SUMIFS(Chicks!$N:$N,Chicks!$F:$F,A2)) -> 0 | L2: =IF(A2="","",SUMIFS(Chicks!$O:$O,Chicks!$F:$F,A2)) -> 0 | M2: =IF(A2="","",SUMIFS(Chicks!$P:$P,Chicks!$F:$F,A2)) -> 0 | N2: =IF($J2="","",RANK($J2,$J$2:$J$997,0))
A3: 129 | D3: =IFERROR(AVERAGEIF(Chicks!$F:$F, $A3, Chicks!$H:$H), "") | F3: =IF(A3="","",COUNTIF(Chicks!$F:$F,A3)) -> 0 | G3: =IF(A3="","",COUNTIFS(Chicks!$F:$F,A3,Chicks!$I:$I,"Yes")) -> 0 | H3: =IF(A3="","",SUMIFS(Chicks!$J:$J,Chicks!$F:$F,A3)) -> 0 | I3: =IF(A3="","",COUNTIFS(Chicks!$F:$F,A3,Chicks!$I:$I,"No")) -> 0 | J3: =IF(A3="","",IFERROR(AVERAGEIF(Chicks!$F:$F,A3,Chicks!$M:$M),"")) | K3: =IF(A3="","",SUMIFS(Chicks!$N:$N,Chicks!$F:$F,A3)) -> 0 | L3: =IF(A3="","",SUMIFS(Chicks!$O:$O,Chicks!$F:$F,A3)) -> 0 | M3: =IF(A3="","",SUMIFS(Chicks!$P:$P,Chicks!$F:$F,A3)) -> 0 | N3: =IF($J3="","",RANK($J3,$J$2:$J$997,0))
A4: 304 | D4: =IFERROR(AVERAGEIF(Chicks!$F:$F, $A4, Chicks!$H:$H), "") | F4: =IF(A4="","",COUNTIF(Chicks!$F:$F,A4)) -> 0 | G4: =IF(A4="","",COUNTIFS(Chicks!$F:$F,A4,Chicks!$I:$I,"Yes")) -> 0 | H4: =IF(A4="","",SUMIFS(Chicks!$J:$J,Chicks!$F:$F,A4)) -> 0 | I4: =IF(A4="","",COUNTIFS(Chicks!$F:$F,A4,Chicks!$I:$I,"No")) -> 0 | J4: =IF(A4="","",IFERROR(AVERAGEIF(Chicks!$F:$F,A4,Chicks!$M:$M),"")) | K4: =IF(A4="","",SUMIFS(Chicks!$N:$N,Chicks!$F:$F,A4)) -> 0 | L4: =IF(A4="","",SUMIFS(Chicks!$O:$O,Chicks!$F:$F,A4)) -> 0 | M4: =IF(A4="","",SUMIFS(Chicks!$P:$P,Chicks!$F:$F,A4)) -> 0 | N4: =IF($J4="","",RANK($J4,$J$2:$J$997,0))
A5: 58 | D5: =IFERROR(AVERAGEIF(Chicks!$F:$F, $A5, Chicks!$H:$H), "") | F5: =IF(A5="","",COUNTIF(Chicks!$F:$F,A5)) -> 0 | G5: =IF(A5="","",COUNTIFS(Chicks!$F:$F,A5,Chicks!$I:$I,"Yes")) -> 0 | H5: =IF(A5="","",SUMIFS(Chicks!$J:$J,Chicks!$F:$F,A5)) -> 0 | I5: =IF(A5="","",COUNTIFS(Chicks!$F:$F,A5,Chicks!$I:$I,"No")) -> 0 | J5: =IF(A5="","",IFERROR(AVERAGEIF(Chicks!$F:$F,A5,Chicks!$M:$M),"")) | K5: =IF(A5="","",SUMIFS(Chicks!$N:$N,Chicks!$F:$F,A5)) -> 0 | L5: =IF(A5="","",SUMIFS(Chicks!$O:$O,Chicks!$F:$F,A5)) -> 0 | M5: =IF(A5="","",SUMIFS(Chicks!$P:$P,Chicks!$F:$F,A5)) -> 0 | N5: =IF($J5="","",RANK($J5,$J$2:$J$997,0))
A6: ZA-2022-DUVE-241 | B6: 241 | C6: COCK | D6: =IFERROR(AVERAGEIF(Chicks!$F:$F, $A6, Chicks!$H:$H), "") -> 84.166667 | E6: ACTIVE | F6: =IF(A6="","",COUNTIF(Chicks!$F:$F,A6)) -> 6 | G6: =IF(A6="","",COUNTIFS(Chicks!$F:$F,A6,Chicks!$I:$I,"Yes")) -> 5 | H6: =IF(A6="","",SUMIFS(Chicks!$J:$J,Chicks!$F:$F,A6)) -> 2 | I6: =IF(A6="","",COUNTIFS(Chicks!$F:$F,A6,Chicks!$I:$I,"No")) -> 1 | J6: =IF(A6="","",IFERROR(AVERAGEIF(Chicks!$F:$F,A6,Chicks!$M:$M),"")) -> 0.3998202 | K6: =IF(A6="","",SUMIFS(Chicks!$N:$N,Chicks!$F:$F,A6)) -> 0 | L6: =IF(A6="","",SUMIFS(Chicks!$O:$O,Chicks!$F:$F,A6)) -> 0 | M6: =IF(A6="","",SUMIFS(Chicks!$P:$P,Chicks!$F:$F,A6)) -> 0 | N6: =IF($J6="","",RANK($J6,$J$2:$J$997,0)) -> 5 | O6: =SUM(G6/F6) -> 0.83333333
A7: ZA-2022-DUVE-302 | B7: 302 | C7: COCK | D7: =IFERROR(AVERAGEIF(Chicks!$F:$F, $A7, Chicks!$H:$H), "") -> 83.75 | E7: ACTIVE | F7: =IF(A7="","",COUNTIF(Chicks!$F:$F,A7)) -> 8 | G7: =IF(A7="","",COUNTIFS(Chicks!$F:$F,A7,Chicks!$I:$I,"Yes")) -> 5 | H7: =IF(A7="","",SUMIFS(Chicks!$J:$J,Chicks!$F:$F,A7)) -> 4 | I7: =IF(A7="","",COUNTIFS(Chicks!$F:$F,A7,Chicks!$I:$I,"No")) -> 3 | J7: =IF(A7="","",IFERROR(AVERAGEIF(Chicks!$F:$F,A7,Chicks!$M:$M),"")) -> 0.50066834 | K7: =IF(A7="","",SUMIFS(Chicks!$N:$N,Chicks!$F:$F,A7)) -> 0 | L7: =IF(A7="","",SUMIFS(Chicks!$O:$O,Chicks!$F:$F,A7)) -> 0 | M7: =IF(A7="","",SUMIFS(Chicks!$P:$P,Chicks!$F:$F,A7)) -> 0 | N7: =IF($J7="","",RANK($J7,$J$2:$J$997,0)) -> 4 | O7: =SUM(G7/F7) -> 0.625
A8: ZA-2022-DUVE-240 | B8: 240 | C8: COCK | D8: =IFERROR(AVERAGEIF(Chicks!$F:$F, $A8, Chicks!$H:$H), "") -> 82.5 | E8: ACTIVE | F8: =IF(A8="","",COUNTIF(Chicks!$F:$F,A8)) -> 3 | G8: =IF(A8="","",COUNTIFS(Chicks!$F:$F,A8,Chicks!$I:$I,"Yes")) -> 1 | H8: =IF(A8="","",SUMIFS(Chicks!$J:$J,Chicks!$F:$F,A8)) -> 0 | I8: =IF(A8="","",COUNTIFS(Chicks!$F:$F,A8,Chicks!$I:$I,"No")) -> 2 | J8: =IF(A8="","",IFERROR(AVERAGEIF(Chicks!$F:$F,A8,Chicks!$M:$M),"")) | K8: =IF(A8="","",SUMIFS(Chicks!$N:$N,Chicks!$F:$F,A8)) -> 0 | L8: =IF(A8="","",SUMIFS(Chicks!$O:$O,Chicks!$F:$F,A8)) -> 0 | M8: =IF(A8="","",SUMIFS(Chicks!$P:$P,Chicks!$F:$F,A8)) -> 0 | N8: =IF($J8="","",RANK($J8,$J$2:$J$997,0)) | O8: =SUM(G8/F8) -> 0.33333333
A9: ZA-2019-OPJB-251 | B9: 251 | C9: COCK | D9: =IFERROR(AVERAGEIF(Chicks!$F:$F, $A9, Chicks!$H:$H), "") -> 81 | E9: ACTIVE | F9: =IF(A9="","",COUNTIF(Chicks!$F:$F,A9)) -> 6 | G9: =IF(A9="","",COUNTIFS(Chicks!$F:$F,A9,Chicks!$I:$I,"Yes")) -> 3 | H9: =IF(A9="","",SUMIFS(Chicks!$J:$J,Chicks!$F:$F,A9)) -> 3 | I9: =IF(A9="","",COUNTIFS(Chicks!$F:$F,A9,Chicks!$I:$I,"No")) -> 3 | J9: =IF(A9="","",IFERROR(AVERAGEIF(Chicks!$F:$F,A9,Chicks!$M:$M),"")) -> 0.63230393 | K9: =IF(A9="","",SUMIFS(Chicks!$N:$N,Chicks!$F:$F,A9)) -> 0 | L9: =IF(A9="","",SUMIFS(Chicks!$O:$O,Chicks!$F:$F,A9)) -> 0 | M9: =IF(A9="","",SUMIFS(Chicks!$P:$P,Chicks!$F:$F,A9)) -> 1 | N9: =IF($J9="","",RANK($J9,$J$2:$J$997,0)) -> 2 | O9: =SUM(G9/F9) -> 0.5
A10: ZA-2020-OP-19773 | B10: 19773 | C10: COCK | D10: =IFERROR(AVERAGEIF(Chicks!$F:$F, $A10, Chicks!$H:$H), "") -> 80.714286 | E10: ACTIVE | F10: =IF(A10="","",COUNTIF(Chicks!$F:$F,A10)) -> 7 | G10: =IF(A10="","",COUNTIFS(Chicks!$F:$F,A10,Chicks!$I:$I,"Yes")) -> 1 | H10: =IF(A10="","",SUMIFS(Chicks!$J:$J,Chicks!$F:$F,A10)) -> 2 | I10: =IF(A10="","",COUNTIFS(Chicks!$F:$F,A10,Chicks!$I:$I,"No")) -> 6 | J10: =IF(A10="","",IFERROR(AVERAGEIF(Chicks!$F:$F,A10,Chicks!$M:$M),"")) -> 0.65702929 | K10: =IF(A10="","",SUMIFS(Chicks!$N:$N,Chicks!$F:$F,A10)) -> 1 | L10: =IF(A10="","",SUMIFS(Chicks!$O:$O,Chicks!$F:$F,A10)) -> 0 | M10: =IF(A10="","",SUMIFS(Chicks!$P:$P,Chicks!$F:$F,A10)) -> 1 | N10: =IF($J10="","",RANK($J10,$J$2:$J$997,0)) -> 1 | O10: =SUM(G10/F10) -> 0.14285714
A11: ZA-2024-GAMTOOS-233 | B11: 233 | C11: COCK | D11: =IFERROR(AVERAGEIF(Chicks!$F:$F, $A11, Chicks!$H:$H), "") -> 78.333333 | E11: ACTIVE | F11: =IF(A11="","",COUNTIF(Chicks!$F:$F,A11)) -> 3 | G11: =IF(A11="","",COUNTIFS(Chicks!$F:$F,A11,Chicks!$I:$I,"Yes")) -> 1 | H11: =IF(A11="","",SUMIFS(Chicks!$J:$J,Chicks!$F:$F,A11)) -> 0 | I11: =IF(A11="","",COUNTIFS(Chicks!$F:$F,A11,Chicks!$I:$I,"No")) -> 2 | J11: =IF(A11="","",IFERROR(AVERAGEIF(Chicks!$F:$F,A11,Chicks!$M:$M),"")) | K11: =IF(A11="","",SUMIFS(Chicks!$N:$N,Chicks!$F:$F,A11)) -> 0 | L11: =IF(A11="","",SUMIFS(Chicks!$O:$O,Chicks!$F:$F,A11)) -> 0 | M11: =IF(A11="","",SUMIFS(Chicks!$P:$P,Chicks!$F:$F,A11)) -> 0 | N11: =IF($J11="","",RANK($J11,$J$2:$J$997,0)) | O11: =SUM(G11/F11) -> 0.33333333
A12: ZA-2024-DUVENAGE-425 | B12: 425 | C12: COCK | D12: =IFERROR(AVERAGEIF(Chicks!$F:$F, $A12, Chicks!$H:$H), "") -> 77.5 | E12: ACTIVE | F12: =IF(A12="","",COUNTIF(Chicks!$F:$F,A12)) -> 2 | G12: =IF(A12="","",COUNTIFS(Chicks!$F:$F,A12,Chicks!$I:$I,"Yes")) -> 2 | H12: =IF(A12="","",SUMIFS(Chicks!$J:$J,Chicks!$F:$F,A12)) -> 3 | I12: =IF(A12="","",COUNTIFS(Chicks!$F:$F,A12,Chicks!$I:$I,"No")) -> 0 | J12: =IF(A12="","",IFERROR(AVERAGEIF(Chicks!$F:$F,A12,Chicks!$M:$M),"")) -> 0.29976299 | K12: =IF(A12="","",SUMIFS(Chicks!$N:$N,Chicks!$F:$F,A12)) -> 0 | L12: =IF(A12="","",SUMIFS(Chicks!$O:$O,Chicks!$F:$F,A12)) -> 0 | M12: =IF(A12="","",SUMIFS(Chicks!$P:$P,Chicks!$F:$F,A12)) -> 0 | N12: =IF($J12="","",RANK($J12,$J$2:$J$997,0)) -> 6 | O12: =SUM(G12/F12) -> 1
A13: ZA-2015-OP-7903 | B13: 7903 | C13: COCK | D13: =IFERROR(AVERAGEIF(Chicks!$F:$F, $A13, Chicks!$H:$H), "") -> 77.5 | E13: RITIRED | F13: =IF(A13="","",COUNTIF(Chicks!$F:$F,A13)) -> 2 | G13: =IF(A13="","",COUNTIFS(Chicks!$F:$F,A13,Chicks!$I:$I,"Yes")) -> 2 | H13: =IF(A13="","",SUMIFS(Chicks!$J:$J,Chicks!$F:$F,A13)) -> 2 | I13: =IF(A13="","",COUNTIFS(Chicks!$F:$F,A13,Chicks!$I:$I,"No")) -> 0 | J13: =IF(A13="","",IFERROR(AVERAGEIF(Chicks!$F:$F,A13,Chicks!$M:$M),"")) -> 0.57949766 | K13: =IF(A13="","",SUMIFS(Chicks!$N:$N,Chicks!$F:$F,A13)) -> 0 | L13: =IF(A13="","",SUMIFS(Chicks!$O:$O,Chicks!$F:$F,A13)) -> 0 | M13: =IF(A13="","",SUMIFS(Chicks!$P:$P,Chicks!$F:$F,A13)) -> 0 | N13: =IF($J13="","",RANK($J13,$J$2:$J$997,0)) -> 3 | O13: =SUM(G13/F13) -> 1
A14: ZA-2022-GRP-029 | B14: 29 | C14: COCK | D14: =IFERROR(AVERAGEIF(Chicks!$F:$F, $A14, Chicks!$H:$H), "") -> 75 | E14: ACTIVE | F14: =IF(A14="","",COUNTIF(Chicks!$F:$F,A14)) -> 1 | G14: =IF(A14="","",COUNTIFS(Chicks!$F:$F,A14,Chicks!$I:$I,"Yes")) -> 1 | H14: =IF(A14="","",SUMIFS(Chicks!$J:$J,Chicks!$F:$F,A14)) -> 0 | I14: =IF(A14="","",COUNTIFS(Chicks!$F:$F,A14,Chicks!$I:$I,"No")) -> 0 | J14: =IF(A14="","",IFERROR(AVERAGEIF(Chicks!$F:$F,A14,Chicks!$M:$M),"")) | K14: =IF(A14="","",SUMIFS(Chicks!$N:$N,Chicks!$F:$F,A14)) -> 0 | L14: =IF(A14="","",SUMIFS(Chicks!$O:$O,Chicks!$F:$F,A14)) -> 0 | M14: =IF(A14="","",SUMIFS(Chicks!$P:$P,Chicks!$F:$F,A14)) -> 0 | N14: =IF($J14="","",RANK($J14,$J$2:$J$997,0)) | O14: =SUM(G14/F14) -> 1
F15: =IF(A15="","",COUNTIF(Chicks!$F:$F,A15)) | G15: =IF(A15="","",COUNTIFS(Chicks!$F:$F,A15,Chicks!$I:$I,"Yes")) | H15: =IF(A15="","",SUMIFS(Chicks!$J:$J,Chicks!$F:$F,A15)) | I15: =IF(A15="","",COUNTIFS(Chicks!$F:$F,A15,Chicks!$I:$I,"No")) | J15: =IF(A15="","",IFERROR(AVERAGEIF(Chicks!$F:$F,A15,Chicks!$M:$M),"")) | K15: =IF(A15="","",SUMIFS(Chicks!$N:$N,Chicks!$F:$F,A15)) | L15: =IF(A15="","",SUMIFS(Chicks!$O:$O,Chicks!$F:$F,A15)) | M15: =IF(A15="","",SUMIFS(Chicks!$P:$P,Chicks!$F:$F,A15)) | N15: =IF($J15="","",RANK($J15,$J$2:$J$997,0))
F16: =IF(A16="","",COUNTIF(Chicks!$F:$F,A16)) | G16: =IF(A16="","",COUNTIFS(Chicks!$F:$F,A16,Chicks!$I:$I,"Yes")) | H16: =IF(A16="","",SUMIFS(Chicks!$J:$J,Chicks!$F:$F,A16)) | I16: =IF(A16="","",COUNTIFS(Chicks!$F:$F,A16,Chicks!$I:$I,"No")) | J16: =IF(A16="","",IFERROR(AVERAGEIF(Chicks!$F:$F,A16,Chicks!$M:$M),"")) | K16: =IF(A16="","",SUMIFS(Chicks!$N:$N,Chicks!$F:$F,A16)) | L16: =IF(A16="","",SUMIFS(Chicks!$O:$O,Chicks!$F:$F,A16)) | M16: =IF(A16="","",SUMIFS(Chicks!$P:$P,Chicks!$F:$F,A16)) | N16: =IF($J16="","",RANK($J16,$J$2:$J$997,0))
F17: =IF(A17="","",COUNTIF(Chicks!$F:$F,A17)) | G17: =IF(A17="","",COUNTIFS(Chicks!$F:$F,A17,Chicks!$I:$I,"Yes")) | H17: =IF(A17="","",SUMIFS(Chicks!$J:$J,Chicks!$F:$F,A17)) | I17: =IF(A17="","",COUNTIFS(Chicks!$F:$F,A17,Chicks!$I:$I,"No")) | J17: =IF(A17="","",IFERROR(AVERAGEIF(Chicks!$F:$F,A17,Chicks!$M:$M),"")) | K17: =IF(A17="","",SUMIFS(Chicks!$N:$N,Chicks!$F:$F,A17)) | L17: =IF(A17="","",SUMIFS(Chicks!$O:$O,Chicks!$F:$F,A17)) | M17: =IF(A17="","",SUMIFS(Chicks!$P:$P,Chicks!$F:$F,A17)) | N17: =IF($J17="","",RANK($J17,$J$2:$J$997,0))
F18: =IF(A18="","",COUNTIF(Chicks!$F:$F,A18)) | G18: =IF(A18="","",COUNTIFS(Chicks!$F:$F,A18,Chicks!$I:$I,"Yes")) | H18: =IF(A18="","",SUMIFS(Chicks!$J:$J,Chicks!$F:$F,A18)) | I18: =IF(A18="","",COUNTIFS(Chicks!$F:$F,A18,Chicks!$I:$I,"No")) | J18: =IF(A18="","",IFERROR(AVERAGEIF(Chicks!$F:$F,A18,Chicks!$M:$M),"")) | K18: =IF(A18="","",SUMIFS(Chicks!$N:$N,Chicks!$F:$F,A18)) | L18: =IF(A18="","",SUMIFS(Chicks!$O:$O,Chicks!$F:$F,A18)) | M18: =IF(A18="","",SUMIFS(Chicks!$P:$P,Chicks!$F:$F,A18)) | N18: =IF($J18="","",RANK($J18,$J$2:$J$997,0))
F19: =IF(A19="","",COUNTIF(Chicks!$F:$F,A19)) | G19: =IF(A19="","",COUNTIFS(Chicks!$F:$F,A19,Chicks!$I:$I,"Yes")) | H19: =IF(A19="","",SUMIFS(Chicks!$J:$J,Chicks!$F:$F,A19)) | I19: =IF(A19="","",COUNTIFS(Chicks!$F:$F,A19,Chicks!$I:$I,"No")) | J19: =IF(A19="","",IFERROR(AVERAGEIF(Chicks!$F:$F,A19,Chicks!$M:$M),"")) | K19: =IF(A19="","",SUMIFS(Chicks!$N:$N,Chicks!$F:$F,A19)) | L19: =IF(A19="","",SUMIFS(Chicks!$O:$O,Chicks!$F:$F,A19)) | M19: =IF(A19="","",SUMIFS(Chicks!$P:$P,Chicks!$F:$F,A19)) | N19: =IF($J19="","",RANK($J19,$J$2:$J$997,0))
F20: =IF(A20="","",COUNTIF(Chicks!$F:$F,A20)) | G20: =IF(A20="","",COUNTIFS(Chicks!$F:$F,A20,Chicks!$I:$I,"Yes")) | H20: =IF(A20="","",SUMIFS(Chicks!$J:$J,Chicks!$F:$F,A20)) | I20: =IF(A20="","",COUNTIFS(Chicks!$F:$F,A20,Chicks!$I:$I,"No")) | J20: =IF(A20="","",IFERROR(AVERAGEIF(Chicks!$F:$F,A20,Chicks!$M:$M),"")) | K20: =IF(A20="","",SUMIFS(Chicks!$N:$N,Chicks!$F:$F,A20)) | L20: =IF(A20="","",SUMIFS(Chicks!$O:$O,Chicks!$F:$F,A20)) | M20: =IF(A20="","",SUMIFS(Chicks!$P:$P,Chicks!$F:$F,A20)) | N20: =IF($J20="","",RANK($J20,$J$2:$J$997,0))
F21: =IF(A21="","",COUNTIF(Chicks!$F:$F,A21)) | G21: =IF(A21="","",COUNTIFS(Chicks!$F:$F,A21,Chicks!$I:$I,"Yes")) | H21: =IF(A21="","",SUMIFS(Chicks!$J:$J,Chicks!$F:$F,A21)) | I21: =IF(A21="","",COUNTIFS(Chicks!$F:$F,A21,Chicks!$I:$I,"No")) | J21: =IF(A21="","",IFERROR(AVERAGEIF(Chicks!$F:$F,A21,Chicks!$M:$M),"")) | K21: =IF(A21="","",SUMIFS(Chicks!$N:$N,Chicks!$F:$F,A21)) | L21: =IF(A21="","",SUMIFS(Chicks!$O:$O,Chicks!$F:$F,A21)) | M21: =IF(A21="","",SUMIFS(Chicks!$P:$P,Chicks!$F:$F,A21)) | N21: =IF($J21="","",RANK($J21,$J$2:$J$997,0))
F22: =IF(A22="","",COUNTIF(Chicks!$F:$F,A22)) | G22: =IF(A22="","",COUNTIFS(Chicks!$F:$F,A22,Chicks!$I:$I,"Yes")) | H22: =IF(A22="","",SUMIFS(Chicks!$J:$J,Chicks!$F:$F,A22)) | I22: =IF(A22="","",COUNTIFS(Chicks!$F:$F,A22,Chicks!$I:$I,"No")) | J22: =IF(A22="","",IFERROR(AVERAGEIF(Chicks!$F:$F,A22,Chicks!$M:$M),"")) | K22: =IF(A22="","",SUMIFS(Chicks!$N:$N,Chicks!$F:$F,A22)) | L22: =IF(A22="","",SUMIFS(Chicks!$O:$O,Chicks!$F:$F,A22)) | M22: =IF(A22="","",SUMIFS(Chicks!$P:$P,Chicks!$F:$F,A22)) | N22: =IF($J22="","",RANK($J22,$J$2:$J$997,0))
F23: =IF(A23="","",COUNTIF(Chicks!$F:$F,A23)) | G23: =IF(A23="","",COUNTIFS(Chicks!$F:$F,A23,Chicks!$I:$I,"Yes")) | H23: =IF(A23="","",SUMIFS(Chicks!$J:$J,Chicks!$F:$F,A23)) | I23: =IF(A23="","",COUNTIFS(Chicks!$F:$F,A23,Chicks!$I:$I,"No")) | J23: =IF(A23="","",IFERROR(AVERAGEIF(Chicks!$F:$F,A23,Chicks!$M:$M),"")) | K23: =IF(A23="","",SUMIFS(Chicks!$N:$N,Chicks!$F:$F,A23)) | L23: =IF(A23="","",SUMIFS(Chicks!$O:$O,Chicks!$F:$F,A23)) | M23: =IF(A23="","",SUMIFS(Chicks!$P:$P,Chicks!$F:$F,A23)) | N23: =IF($J23="","",RANK($J23,$J$2:$J$997,0))
F24: =IF(A24="","",COUNTIF(Chicks!$F:$F,A24)) | G24: =IF(A24="","",COUNTIFS(Chicks!$F:$F,A24,Chicks!$I:$I,"Yes")) | H24: =IF(A24="","",SUMIFS(Chicks!$J:$J,Chicks!$F:$F,A24)) | I24: =IF(A24="","",COUNTIFS(Chicks!$F:$F,A24,Chicks!$I:$I,"No")) | J24: =IF(A24="","",IFERROR(AVERAGEIF(Chicks!$F:$F,A24,Chicks!$M:$M),"")) | K24: =IF(A24="","",SUMIFS(Chicks!$N:$N,Chicks!$F:$F,A24)) | L24: =IF(A24="","",SUMIFS(Chicks!$O:$O,Chicks!$F:$F,A24)) | M24: =IF(A24="","",SUMIFS(Chicks!$P:$P,Chicks!$F:$F,A24)) | N24: =IF($J24="","",RANK($J24,$J$2:$J$997,0))
F25: =IF(A25="","",COUNTIF(Chicks!$F:$F,A25)) | G25: =IF(A25="","",COUNTIFS(Chicks!$F:$F,A25,Chicks!$I:$I,"Yes")) | H25: =IF(A25="","",SUMIFS(Chicks!$J:$J,Chicks!$F:$F,A25)) | I25: =IF(A25="","",COUNTIFS(Chicks!$F:$F,A25,Chicks!$I:$I,"No")) | J25: =IF(A25="","",IFERROR(AVERAGEIF(Chicks!$F:$F,A25,Chicks!$M:$M),"")) | K25: =IF(A25="","",SUMIFS(Chicks!$N:$N,Chicks!$F:$F,A25)) | L25: =IF(A25="","",SUMIFS(Chicks!$O:$O,Chicks!$F:$F,A25)) | M25: =IF(A25="","",SUMIFS(Chicks!$P:$P,Chicks!$F:$F,A25)) | N25: =IF($J25="","",RANK($J25,$J$2:$J$997,0))
F26: =IF(A26="","",COUNTIF(Chicks!$F:$F,A26)) | G26: =IF(A26="","",COUNTIFS(Chicks!$F:$F,A26,Chicks!$I:$I,"Yes")) | H26: =IF(A26="","",SUMIFS(Chicks!$J:$J,Chicks!$F:$F,A26)) | I26: =IF(A26="","",COUNTIFS(Chicks!$F:$F,A26,Chicks!$I:$I,"No")) | J26: =IF(A26="","",IFERROR(AVERAGEIF(Chicks!$F:$F,A26,Chicks!$M:$M),"")) | K26: =IF(A26="","",SUMIFS(Chicks!$N:$N,Chicks!$F:$F,A26)) | L26: =IF(A26="","",SUMIFS(Chicks!$O:$O,Chicks!$F:$F,A26)) | M26: =IF(A26="","",SUMIFS(Chicks!$P:$P,Chicks!$F:$F,A26)) | N26: =IF($J26="","",RANK($J26,$J$2:$J$997,0))
... F997: =IF(A997="","",COUNTIF(Chicks!$F:$F,A997)) | G997: =IF(A997="","",COUNTIFS(Chicks!$F:$F,A997,Chicks!$I:$I,"Yes")) | H997: =IF(A997="","",SUMIFS(Chicks!$J:$J,Chicks!$F:$F,A997)) | I997: =IF(A997="","",COUNTIFS(Chicks!$F:$F,A997,Chicks!$I:$I,"No")) | J997: =IF(A997="","",IFERROR(AVERAGEIF(Chicks!$F:$F,A997,Chicks!$M:$M),"")) | K997: =IF(A997="","",SUMIFS(Chicks!$N:$N,Chicks!$F:$F,A997)) | L997: =IF(A997="","",SUMIFS(Chicks!$O:$O,Chicks!$F:$F,A997)) | M997: =IF(A997="","",SUMIFS(Chicks!$P:$P,Chicks!$F:$F,A997)) | N997: =IF($J997="","",RANK($J997,$J$2:$J$997,0))

Sheet Hens
A1: HenID | B1: Name | C1: GENDER | D1: Pre-Season Rank | E1: STATUS | F1: TotalChicksBred | G1: InLoftsSeasonStart | H1: ChicksTotalRaces | I1: ChicksNotInLoft | J1: BreedingIndex | K1: Top20FedFinishes | L1: FedWins | M1: Loft top 3 | N1: Ranking | O1: InLoftsSeasonStart
A2: ZA-2015-MEDPET-624 | B2: 624 | C2: HEN | D2: =IFERROR(AVERAGEIF(Chicks!$G:$G, $A2, Chicks!$H:$H), "") | E2: ACTIVE | F2: =IF(A2="","",COUNTIF(Chicks!$G:$G,A2)) -> 0 | G2: =IF(A2="","",COUNTIFS(Chicks!$G:$G,A2,Chicks!$I:$I,"Yes")) -> 0 | H2: =IF(A2="","",SUMIFS(Chicks!$J:$J,Chicks!$G:$G,A2)) -> 0 | I2: =IF(A2="","",COUNTIFS(Chicks!$G:$G,A2,Chicks!$I:$I,"No")) -> 0 | J2: =IF(A2="","",IFERROR(AVERAGEIF(Chicks!$G:$G,A2,Chicks!$M:$M),"")) | K2: =IF(A2="","",SUMIFS(Chicks!$N:$N,Chicks!$G:$G,A2)) -> 0 | L2: =IF(A2="","",SUMIFS(Chicks!$O:$O,Chicks!$G:$G,A2)) -> 0 | M2: =IF(A2="","",SUMIFS(Chicks!$P:$P,Chicks!$G:$G,A2)) -> 0 | N2: =IF($J2="","",RANK($J2,$J$2:$J$998,0)) | O2: =SUM(G2/F2) -> #DIV/0!
A3: ZA-2013-FB-19578 | B3: 19578 | C3: HEN | D3: =IFERROR(AVERAGEIF(Chicks!$G:$G, $A3, Chicks!$H:$H), "") | E3: RETIRED | F3: =IF(A3="","",COUNTIF(Chicks!$G:$G,A3)) -> 0 | G3: =IF(A3="","",COUNTIFS(Chicks!$G:$G,A3,Chicks!$I:$I,"Yes")) -> 0 | H3: =IF(A3="","",SUMIFS(Chicks!$J:$J,Chicks!$G:$G,A3)) -> 0 | I3: =IF(A3="","",COUNTIFS(Chicks!$G:$G,A3,Chicks!$I:$I,"No")) -> 0 | J3: =IF(A3="","",IFERROR(AVERAGEIF(Chicks!$G:$G,A3,Chicks!$M:$M),"")) | K3: =IF(A3="","",SUMIFS(Chicks!$N:$N,Chicks!$G:$G,A3)) -> 0 | L3: =IF(A3="","",SUMIFS(Chicks!$O:$O,Chicks!$G:$G,A3)) -> 0 | M3: =IF(A3="","",SUMIFS(Chicks!$P:$P,Chicks!$G:$G,A3)) -> 0 | N3: =IF($J3="","",RANK($J3,$J$2:$J$998,0)) | O3: =SUM(G3/F3) -> #DIV/0!
A4: ZA-2015-MEDPET-7060 | B4: 7060 | C4: HEN | D4: =IFERROR(AVERAGEIF(Chicks!$G:$G, $A4, Chicks!$H:$H), "") | E4: SOLD | F4: =IF(A4="","",COUNTIF(Chicks!$G:$G,A4)) -> 0 | G4: =IF(A4="","",COUNTIFS(Chicks!$G:$G,A4,Chicks!$I:$I,"Yes")) -> 0 | H4: =IF(A4="","",SUMIFS(Chicks!$J:$J,Chicks!$G:$G,A4)) -> 0 | I4: =IF(A4="","",COUNTIFS(Chicks!$G:$G,A4,Chicks!$I:$I,"No")) -> 0 | J4: =IF(A4="","",IFERROR(AVERAGEIF(Chicks!$G:$G,A4,Chicks!$M:$M),"")) | K4: =IF(A4="","",SUMIFS(Chicks!$N:$N,Chicks!$G:$G,A4)) -> 0 | L4: =IF(A4="","",SUMIFS(Chicks!$O:$O,Chicks!$G:$G,A4)) -> 0 | M4: =IF(A4="","",SUMIFS(Chicks!$P:$P,Chicks!$G:$G,A4)) -> 0 | N4: =IF($J4="","",RANK($J4,$J$2:$J$998,0)) | O4: =SUM(G4/F4) -> #DIV/0!
A5: ZA-2020-OP-19774 | B5: 19774 | C5: HEN | D5: =IFERROR(AVERAGEIF(Chicks!$G:$G, $A5, Chicks!$H:$H), "") | E5: ACTIVE | F5: =IF(A5="","",COUNTIF(Chicks!$G:$G,A5)) -> 0 | G5: =IF(A5="","",COUNTIFS(Chicks!$G:$G,A5,Chicks!$I:$I,"Yes")) -> 0 | H5: =IF(A5="","",SUMIFS(Chicks!$J:$J,Chicks!$G:$G,A5)) -> 0 | I5: =IF(A5="","",COUNTIFS(Chicks!$G:$G,A5,Chicks!$I:$I,"No")) -> 0 | J5: =IF(A5="","",IFERROR(AVERAGEIF(Chicks!$G:$G,A5,Chicks!$M:$M),"")) | K5: =IF(A5="","",SUMIFS(Chicks!$N:$N,Chicks!$G:$G,A5)) -> 0 | L5: =IF(A5="","",SUMIFS(Chicks!$O:$O,Chicks!$G:$G,A5)) -> 0 | M5: =IF(A5="","",SUMIFS(Chicks!$P:$P,Chicks!$G:$G,A5)) -> 0 | N5: =IF($J5="","",RANK($J5,$J$2:$J$998,0)) | O5: =SUM(G5/F5) -> #DIV/0!
A6: ZA-2020-OPDP-2190 | B6: 2190 | C6: HEN | D6: =IFERROR(AVERAGEIF(Chicks!$G:$G, $A6, Chicks!$H:$H), "") -> 84.375 | E6: ACTIVE | F6: =IF(A6="","",COUNTIF(Chicks!$G:$G,A6)) -> 8 | G6: =IF(A6="","",COUNTIFS(Chicks!$G:$G,A6,Chicks!$I:$I,"Yes")) -> 6 | H6: =IF(A6="","",SUMIFS(Chicks!$J:$J,Chicks!$G:$G,A6)) -> 6 | I6: =IF(A6="","",COUNTIFS(Chicks!$G:$G,A6,Chicks!$I:$I,"No")) -> 2 | J6: =IF(A6="","",IFERROR(AVERAGEIF(Chicks!$G:$G,A6,Chicks!$M:$M),"")) -> 0.3659216 | K6: =IF(A6="","",SUMIFS(Chicks!$N:$N,Chicks!$G:$G,A6)) -> 0 | L6: =IF(A6="","",SUMIFS(Chicks!$O:$O,Chicks!$G:$G,A6)) -> 0 | M6: =IF(A6="","",SUMIFS(Chicks!$P:$P,Chicks!$G:$G,A6)) -> 0 | N6: =IF($J6="","",RANK($J6,$J$2:$J$998,0)) -> 6 | O6: =SUM(G6/F6) -> 0.75
A7: ZA-2022-DUVE-233 | B7: 233 | C7: HEN | D7: =IFERROR(AVERAGEIF(Chicks!$G:$G, $A7, Chicks!$H:$H), "") -> 84.166667 | E7: ACTIVE | F7: =IF(A7="","",COUNTIF(Chicks!$G:$G,A7)) -> 6 | G7: =IF(A7="","",COUNTIFS(Chicks!$G:$G,A7,Chicks!$I:$I,"Yes")) -> 5 | H7: =IF(A7="","",SUMIFS(Chicks!$J:$J,Chicks!$G:$G,A7)) -> 2 | I7: =IF(A7="","",COUNTIFS(Chicks!$G:$G,A7,Chicks!$I:$I,"No")) -> 1 | J7: =IF(A7="","",IFERROR(AVERAGEIF(Chicks!$G:$G,A7,Chicks!$M:$M),"")) -> 0.3998202 | K7: =IF(A7="","",SUMIFS(Chicks!$N:$N,Chicks!$G:$G,A7)) -> 0 | L7: =IF(A7="","",SUMIFS(Chicks!$O:$O,Chicks!$G:$G,A7)) -> 0 | M7: =IF(A7="","",SUMIFS(Chicks!$P:$P,Chicks!$G:$G,A7)) -> 0 | N7: =IF($J7="","",RANK($J7,$J$2:$J$998,0)) -> 5 | O7: =SUM(G7/F7) -> 0.83333333
A8: ZA-2020-OP-17032 | B8: 17032 | C8: HEN | D8: =IFERROR(AVERAGEIF(Chicks!$G:$G, $A8, Chicks!$H:$H), "") -> 81 | E8: ACTIVE | F8: =IF(A8="","",COUNTIF(Chicks!$G:$G,A8)) -> 6 | G8: =IF(A8="","",COUNTIFS(Chicks!$G:$G,A8,Chicks!$I:$I,"Yes")) -> 3 | H8: =IF(A8="","",SUMIFS(Chicks!$J:$J,Chicks!$G:$G,A8)) -> 3 | I8: =IF(A8="","",COUNTIFS(Chicks!$G:$G,A8,Chicks!$I:$I,"No")) -> 3 | J8: =IF(A8="","",IFERROR(AVERAGEIF(Chicks!$G:$G,A8,Chicks!$M:$M),"")) -> 0.63230393 | K8: =IF(A8="","",SUMIFS(Chicks!$N:$N,Chicks!$G:$G,A8)) -> 0 | L8: =IF(A8="","",SUMIFS(Chicks!$O:$O,Chicks!$G:$G,A8)) -> 0 | M8: =IF(A8="","",SUMIFS(Chicks!$P:$P,Chicks!$G:$G,A8)) -> 1 | N8: =IF($J8="","",RANK($J8,$J$2:$J$998,0)) -> 3 | O8: =SUM(G8/F8) -> 0.5
A9: ZA-2022-DUVE-255 | B9: 255 | C9: HEN | D9: =IFERROR(AVERAGEIF(Chicks!$G:$G, $A9, Chicks!$H:$H), "") -> 80.714286 | E9: ACTIVE | F9: =IF(A9="","",COUNTIF(Chicks!$G:$G,A9)) -> 7 | G9: =IF(A9="","",COUNTIFS(Chicks!$G:$G,A9,Chicks!$I:$I,"Yes")) -> 1 | H9: =IF(A9="","",SUMIFS(Chicks!$J:$J,Chicks!$G:$G,A9)) -> 2 | I9: =IF(A9="","",COUNTIFS(Chicks!$G:$G,A9,Chicks!$I:$I,"No")) -> 6 | J9: =IF(A9="","",IFERROR(AVERAGEIF(Chicks!$G:$G,A9,Chicks!$M:$M),"")) -> 0.65702929 | K9: =IF(A9="","",SUMIFS(Chicks!$N:$N,Chicks!$G:$G,A9)) -> 1 | L9: =IF(A9="","",SUMIFS(Chicks!$O:$O,Chicks!$G:$G,A9)) -> 0 | M9: =IF(A9="","",SUMIFS(Chicks!$P:$P,Chicks!$G:$G,A9)) -> 1 | N9: =IF($J9="","",RANK($J9,$J$2:$J$998,0)) -> 1 | O9: =SUM(G9/F9) -> 0.14285714
A10: ZA-2022-DUVE-243 | B10: 243 | C10: HEN | D10: =IFERROR(AVERAGEIF(Chicks!$G:$G, $A10, Chicks!$H:$H), "") -> 78.75 | E10: ACTIVE | F10: =IF(A10="","",COUNTIF(Chicks!$G:$G,A10)) -> 5 | G10: =IF(A10="","",COUNTIFS(Chicks!$G:$G,A10,Chicks!$I:$I,"Yes")) -> 2 | H10: =IF(A10="","",SUMIFS(Chicks!$J:$J,Chicks!$G:$G,A10)) -> 1 | I10: =IF(A10="","",COUNTIFS(Chicks!$G:$G,A10,Chicks!$I:$I,"No")) -> 3 | J10: =IF(A10="","",IFERROR(AVERAGEIF(Chicks!$G:$G,A10,Chicks!$M:$M),"")) -> 0.63784461 | K10: =IF(A10="","",SUMIFS(Chicks!$N:$N,Chicks!$G:$G,A10)) -> 0 | L10: =IF(A10="","",SUMIFS(Chicks!$O:$O,Chicks!$G:$G,A10)) -> 0 | M10: =IF(A10="","",SUMIFS(Chicks!$P:$P,Chicks!$G:$G,A10)) -> 0 | N10: =IF($J10="","",RANK($J10,$J$2:$J$998,0)) -> 2 | O10: =SUM(G10/F10) -> 0.4
A11: ZA-2019-OP-9331 | B11: 9331 | C11: HEN | D11: =IFERROR(AVERAGEIF(Chicks!$G:$G, $A11, Chicks!$H:$H), "") -> 77.5 | E11: ACTIVE | F11: =IF(A11="","",COUNTIF(Chicks!$G:$G,A11)) -> 6 | G11: =IF(A11="","",COUNTIFS(Chicks!$G:$G,A11,Chicks!$I:$I,"Yes")) -> 4 | H11: =IF(A11="","",SUMIFS(Chicks!$J:$J,Chicks!$G:$G,A11)) -> 2 | I11: =IF(A11="","",COUNTIFS(Chicks!$G:$G,A11,Chicks!$I:$I,"No")) -> 2 | J11: =IF(A11="","",IFERROR(AVERAGEIF(Chicks!$G:$G,A11,Chicks!$M:$M),"")) -> 0.57949766 | K11: =IF(A11="","",SUMIFS(Chicks!$N:$N,Chicks!$G:$G,A11)) -> 0 | L11: =IF(A11="","",SUMIFS(Chicks!$O:$O,Chicks!$G:$G,A11)) -> 0 | M11: =IF(A11="","",SUMIFS(Chicks!$P:$P,Chicks!$G:$G,A11)) -> 0 | N11: =IF($J11="","",RANK($J11,$J$2:$J$998,0)) -> 4 | O11: =SUM(G11/F11) -> 0.66666667
F12: =IF(A12="","",COUNTIF(Chicks!$G:$G,A12)) | G12: =IF(A12="","",COUNTIFS(Chicks!$G:$G,A12,Chicks!$I:$I,"Yes")) | H12: =IF(A12="","",SUMIFS(Chicks!$J:$J,Chicks!$G:$G,A12)) | I12: =IF(A12="","",COUNTIFS(Chicks!$G:$G,A12,Chicks!$I:$I,"No")) | J12: =IF(A12="","",IFERROR(AVERAGEIF(Chicks!$G:$G,A12,Chicks!$M:$M),"")) | K12: =IF(A12="","",SUMIFS(Chicks!$N:$N,Chicks!$G:$G,A12)) | L12: =IF(A12="","",SUMIFS(Chicks!$O:$O,Chicks!$G:$G,A12)) | M12: =IF(A12="","",SUMIFS(Chicks!$P:$P,Chicks!$G:$G,A12)) | N12: =IF($J12="","",RANK($J12,$J$2:$J$998,0))
F13: =IF(A13="","",COUNTIF(Chicks!$G:$G,A13)) | G13: =IF(A13="","",COUNTIFS(Chicks!$G:$G,A13,Chicks!$I:$I,"Yes")) | H13: =IF(A13="","",SUMIFS(Chicks!$J:$J,Chicks!$G:$G,A13)) | I13: =IF(A13="","",COUNTIFS(Chicks!$G:$G,A13,Chicks!$I:$I,"No")) | J13: =IF(A13="","",IFERROR(AVERAGEIF(Chicks!$G:$G,A13,Chicks!$M:$M),"")) | K13: =IF(A13="","",SUMIFS(Chicks!$N:$N,Chicks!$G:$G,A13)) | L13: =IF(A13="","",SUMIFS(Chicks!$O:$O,Chicks!$G:$G,A13)) | M13: =IF(A13="","",SUMIFS(Chicks!$P:$P,Chicks!$G:$G,A13)) | N13: =IF($J13="","",RANK($J13,$J$2:$J$998,0))
F14: =IF(A14="","",COUNTIF(Chicks!$G:$G,A14)) | G14: =IF(A14="","",COUNTIFS(Chicks!$G:$G,A14,Chicks!$I:$I,"Yes")) | H14: =IF(A14="","",SUMIFS(Chicks!$J:$J,Chicks!$G:$G,A14)) | I14: =IF(A14="","",COUNTIFS(Chicks!$G:$G,A14,Chicks!$I:$I,"No")) | J14: =IF(A14="","",IFERROR(AVERAGEIF(Chicks!$G:$G,A14,Chicks!$M:$M),"")) | K14: =IF(A14="","",SUMIFS(Chicks!$N:$N,Chicks!$G:$G,A14)) | L14: =IF(A14="","",SUMIFS(Chicks!$O:$O,Chicks!$G:$G,A14)) | M14: =IF(A14="","",SUMIFS(Chicks!$P:$P,Chicks!$G:$G,A14)) | N14: =IF($J14="","",RANK($J14,$J$2:$J$998,0))
F15: =IF(A15="","",COUNTIF(Chicks!$G:$G,A15)) | G15: =IF(A15="","",COUNTIFS(Chicks!$G:$G,A15,Chicks!$I:$I,"Yes")) | H15: =IF(A15="","",SUMIFS(Chicks!$J:$J,Chicks!$G:$G,A15)) | I15: =IF(A15="","",COUNTIFS(Chicks!$G:$G,A15,Chicks!$I:$I,"No")) | J15: =IF(A15="","",IFERROR(AVERAGEIF(Chicks!$G:$G,A15,Chicks!$M:$M),"")) | K15: =IF(A15="","",SUMIFS(Chicks!$N:$N,Chicks!$G:$G,A15)) | L15: =IF(A15="","",SUMIFS(Chicks!$O:$O,Chicks!$G:$G,A15)) | M15: =IF(A15="","",SUMIFS(Chicks!$P:$P,Chicks!$G:$G,A15)) | N15: =IF($J15="","",RANK($J15,$J$2:$J$998,0))
F16: =IF(A16="","",COUNTIF(Chicks!$G:$G,A16)) | G16: =IF(A16="","",COUNTIFS(Chicks!$G:$G,A16,Chicks!$I:$I,"Yes")) | H16: =IF(A16="","",SUMIFS(Chicks!$J:$J,Chicks!$G:$G,A16)) | I16: =IF(A16="","",COUNTIFS(Chicks!$G:$G,A16,Chicks!$I:$I,"No")) | J16: =IF(A16="","",IFERROR(AVERAGEIF(Chicks!$G:$G,A16,Chicks!$M:$M),"")) | K16: =IF(A16="","",SUMIFS(Chicks!$N:$N,Chicks!$G:$G,A16)) | L16: =IF(A16="","",SUMIFS(Chicks!$O:$O,Chicks!$G:$G,A16)) | M16: =IF(A16="","",SUMIFS(Chicks!$P:$P,Chicks!$G:$G,A16)) | N16: =IF($J16="","",RANK($J16,$J$2:$J$998,0))
F17: =IF(A17="","",COUNTIF(Chicks!$G:$G,A17)) | G17: =IF(A17="","",COUNTIFS(Chicks!$G:$G,A17,Chicks!$I:$I,"Yes")) | H17: =IF(A17="","",SUMIFS(Chicks!$J:$J,Chicks!$G:$G,A17)) | I17: =IF(A17="","",COUNTIFS(Chicks!$G:$G,A17,Chicks!$I:$I,"No")) | J17: =IF(A17="","",IFERROR(AVERAGEIF(Chicks!$G:$G,A17,Chicks!$M:$M),"")) | K17: =IF(A17="","",SUMIFS(Chicks!$N:$N,Chicks!$G:$G,A17)) | L17: =IF(A17="","",SUMIFS(Chicks!$O:$O,Chicks!$G:$G,A17)) | M17: =IF(A17="","",SUMIFS(Chicks!$P:$P,Chicks!$G:$G,A17)) | N17: =IF($J17="","",RANK($J17,$J$2:$J$998,0))
F18: =IF(A18="","",COUNTIF(Chicks!$G:$G,A18)) | G18: =IF(A18="","",COUNTIFS(Chicks!$G:$G,A18,Chicks!$I:$I,"Yes")) | H18: =IF(A18="","",SUMIFS(Chicks!$J:$J,Chicks!$G:$G,A18)) | I18: =IF(A18="","",COUNTIFS(Chicks!$G:$G,A18,Chicks!$I:$I,"No")) | J18: =IF(A18="","",IFERROR(AVERAGEIF(Chicks!$G:$G,A18,Chicks!$M:$M),"")) | K18: =IF(A18="","",SUMIFS(Chicks!$N:$N,Chicks!$G:$G,A18)) | L18: =IF(A18="","",SUMIFS(Chicks!$O:$O,Chicks!$G:$G,A18)) | M18: =IF(A18="","",SUMIFS(Chicks!$P:$P,Chicks!$G:$G,A18)) | N18: =IF($J18="","",RANK($J18,$J$2:$J$998,0))
F19: =IF(A19="","",COUNTIF(Chicks!$G:$G,A19)) | G19: =IF(A19="","",COUNTIFS(Chicks!$G:$G,A19,Chicks!$I:$I,"Yes")) | H19: =IF(A19="","",SUMIFS(Chicks!$J:$J,Chicks!$G:$G,A19)) | I19: =IF(A19="","",COUNTIFS(Chicks!$G:$G,A19,Chicks!$I:$I,"No")) | J19: =IF(A19="","",IFERROR(AVERAGEIF(Chicks!$G:$G,A19,Chicks!$M:$M),"")) | K19: =IF(A19="","",SUMIFS(Chicks!$N:$N,Chicks!$G:$G,A19)) | L19: =IF(A19="","",SUMIFS(Chicks!$O:$O,Chicks!$G:$G,A19)) | M19: =IF(A19="","",SUMIFS(Chicks!$P:$P,Chicks!$G:$G,A19)) | N19: =IF($J19="","",RANK($J19,$J$2:$J$998,0))
F20: =IF(A20="","",COUNTIF(Chicks!$G:$G,A20)) | G20: =IF(A20="","",COUNTIFS(Chicks!$G:$G,A20,Chicks!$I:$I,"Yes")) | H20: =IF(A20="","",SUMIFS(Chicks!$J:$J,Chicks!$G:$G,A20)) | I20: =IF(A20="","",COUNTIFS(Chicks!$G:$G,A20,Chicks!$I:$I,"No")) | J20: =IF(A20="","",IFERROR(AVERAGEIF(Chicks!$G:$G,A20,Chicks!$M:$M),"")) | K20: =IF(A20="","",SUMIFS(Chicks!$N:$N,Chicks!$G:$G,A20)) | L20: =IF(A20="","",SUMIFS(Chicks!$O:$O,Chicks!$G:$G,A20)) | M20: =IF(A20="","",SUMIFS(Chicks!$P:$P,Chicks!$G:$G,A20)) | N20: =IF($J20="","",RANK($J20,$J$2:$J$998,0))
F21: =IF(A21="","",COUNTIF(Chicks!$G:$G,A21)) | G21: =IF(A21="","",COUNTIFS(Chicks!$G:$G,A21,Chicks!$I:$I,"Yes")) | H21: =IF(A21="","",SUMIFS(Chicks!$J:$J,Chicks!$G:$G,A21)) | I21: =IF(A21="","",COUNTIFS(Chicks!$G:$G,A21,Chicks!$I:$I,"No")) | J21: =IF(A21="","",IFERROR(AVERAGEIF(Chicks!$G:$G,A21,Chicks!$M:$M),"")) | K21: =IF(A21="","",SUMIFS(Chicks!$N:$N,Chicks!$G:$G,A21)) | L21: =IF(A21="","",SUMIFS(Chicks!$O:$O,Chicks!$G:$G,A21)) | M21: =IF(A21="","",SUMIFS(Chicks!$P:$P,Chicks!$G:$G,A21)) | N21: =IF($J21="","",RANK($J21,$J$2:$J$998,0))
F22: =IF(A22="","",COUNTIF(Chicks!$G:$G,A22)) | G22: =IF(A22="","",COUNTIFS(Chicks!$G:$G,A22,Chicks!$I:$I,"Yes")) | H22: =IF(A22="","",SUMIFS(Chicks!$J:$J,Chicks!$G:$G,A22)) | I22: =IF(A22="","",COUNTIFS(Chicks!$G:$G,A22,Chicks!$I:$I,"No")) | J22: =IF(A22="","",IFERROR(AVERAGEIF(Chicks!$G:$G,A22,Chicks!$M:$M),"")) | K22: =IF(A22="","",SUMIFS(Chicks!$N:$N,Chicks!$G:$G,A22)) | L22: =IF(A22="","",SUMIFS(Chicks!$O:$O,Chicks!$G:$G,A22)) | M22: =IF(A22="","",SUMIFS(Chicks!$P:$P,Chicks!$G:$G,A22)) | N22: =IF($J22="","",RANK($J22,$J$2:$J$998,0))
F23: =IF(A23="","",COUNTIF(Chicks!$G:$G,A23)) | G23: =IF(A23="","",COUNTIFS(Chicks!$G:$G,A23,Chicks!$I:$I,"Yes")) | H23: =IF(A23="","",SUMIFS(Chicks!$J:$J,Chicks!$G:$G,A23)) | I23: =IF(A23="","",COUNTIFS(Chicks!$G:$G,A23,Chicks!$I:$I,"No")) | J23: =IF(A23="","",IFERROR(AVERAGEIF(Chicks!$G:$G,A23,Chicks!$M:$M),"")) | K23: =IF(A23="","",SUMIFS(Chicks!$N:$N,Chicks!$G:$G,A23)) | L23: =IF(A23="","",SUMIFS(Chicks!$O:$O,Chicks!$G:$G,A23)) | M23: =IF(A23="","",SUMIFS(Chicks!$P:$P,Chicks!$G:$G,A23)) | N23: =IF($J23="","",RANK($J23,$J$2:$J$998,0))
... F998: =IF(A998="","",COUNTIF(Chicks!$G:$G,A998)) | G998: =IF(A998="","",COUNTIFS(Chicks!$G:$G,A998,Chicks!$I:$I,"Yes")) | H998: =IF(A998="","",SUMIFS(Chicks!$J:$J,Chicks!$G:$G,A998)) | I998: =IF(A998="","",COUNTIFS(Chicks!$G:$G,A998,Chicks!$I:$I,"No")) | J998: =IF(A998="","",IFERROR(AVERAGEIF(Chicks!$G:$G,A998,Chicks!$M:$M),"")) | K998: =IF(A998="","",SUMIFS(Chicks!$N:$N,Chicks!$G:$G,A998)) | L998: =IF(A998="","",SUMIFS(Chicks!$O:$O,Chicks!$G:$G,A998)) | M998: =IF(A998="","",SUMIFS(Chicks!$P:$P,Chicks!$G:$G,A998)) | N998: =IF($J998="","",RANK($J998,$J$2:$J$998,0))

Sheet Pairs
A1: PairID | B1: SEASON | C1: SireID | D1: DamID | E1: Pre-Season Rank | F1: TotalChicksBred | G1: InLoftsSeasonStart | H1: ChicksTotalRaces | I1: ChicksNotInLoft | J1: BreedingIndex | K1: Top20FedFinishes | L1: FedWins | M1: Loft top 3 | N1: Ranking | O1: StarRatingChicksinLoft | P1: StarRatingIndex
A2: PAIR 2026 01 | B2: 2026 | C2: ZA-2022-DUVE-302 | D2: ZA-2020-OPDP-2190 | E2: =IFERROR(AVERAGEIFS(Chicks!$H:$H, Chicks!$F:$F, $C2, Chicks!$G:$G, $D2), "") -> 86.666667 | F2: =IF($C2="","",COUNTIFS(Chicks!$F:$F,$C2,Chicks!$G:$G,$D2)) -> 6 | G2: =IF($C2="","",COUNTIFS(Chicks!$F:$F,$C2,Chicks!$G:$G,$D2,Chicks!$I:$I,"Yes")) -> 4 | H2: =IF($C2="","",SUMIFS(Chicks!$J:$J,Chicks!$F:$F,$C2,Chicks!$G:$G,$D2)) -> 3 | I2: =IF($C2="","",COUNTIFS(Chicks!$F:$F,$C2,Chicks!$G:$G,$D2,Chicks!$I:$I,"No")) -> 2 | J2: =IF($C2="","",IFERROR(AVERAGEIFS(Chicks!$M:$M,Chicks!$F:$F,$C2,Chicks!$G:$G,$D2),"")) -> 0.4320802 | K2: =IF($C2="","",SUMIFS(Chicks!$N:$N,Chicks!$F:$F,$C2,Chicks!$G:$G,$D2)) -> 0 | L2: =IF($C2="","",SUMIFS(Chicks!$O:$O,Chicks!$F:$F,$C2,Chicks!$G:$G,$D2)) -> 0 | M2: =IF($C2="","",SUMIFS(Chicks!$P:$P,Chicks!$F:$F,$C2,Chicks!$G:$G,$D2)) -> 0 | N2: =IF($J2="","",RANK($J2,$J$2:$J$1000,0)) -> 5 | O2: =IF($F2=0,"",_xludf.IFS($G2/$F2<0.5,"0★",$G2/$F2<=0.6,"★",$G2/$F2<=0.7,"★★",$G2/$F2<=0.8,"★★★",$G2/$F2<=0.9,"★★★★",$G2/$F2<=1,"★★★★★")) -> #NAME? | P2: =IF($J2="","",_xludf.IFS($J2<0.5,"0★",$J2<=0.6,"★",$J2<=0.7,"★★",$J2<=0.8,"★★★",$J2<=0.9,"★★★★",$J2<=1,"★★★★★")) -> #NAME?
A3: PAIR 2026 02 | B3: 2026 | C3: ZA-2022-DUVE-240 | D3: ZA-2019-OP-9331 | E3: =IFERROR(AVERAGEIFS(Chicks!$H:$H, Chicks!$F:$F, $C3, Chicks!$G:$G, $D3), "") -> 85 | F3: =IF($C3="","",COUNTIFS(Chicks!$F:$F,$C3,Chicks!$G:$G,$D3)) -> 1 | G3: =IF($C3="","",COUNTIFS(Chicks!$F:$F,$C3,Chicks!$G:$G,$D3,Chicks!$I:$I,"Yes")) -> 0 | H3: =IF($C3="","",SUMIFS(Chicks!$J:$J,Chicks!$F:$F,$C3,Chicks!$G:$G,$D3)) -> 0 | I3: =IF($C3="","",COUNTIFS(Chicks!$F:$F,$C3,Chicks!$G:$G,$D3,Chicks!$I:$I,"No")) -> 1 | J3: =IF($C3="","",IFERROR(AVERAGEIFS(Chicks!$M:$M,Chicks!$F:$F,$C3,Chicks!$G:$G,$D3),"")) | K3: =IF($C3="","",SUMIFS(Chicks!$N:$N,Chicks!$F:$F,$C3,Chicks!$G:$G,$D3)) -> 0 | L3: =IF($C3="","",SUMIFS(Chicks!$O:$O,Chicks!$F:$F,$C3,Chicks!$G:$G,$D3)) -> 0 | M3: =IF($C3="","",SUMIFS(Chicks!$P:$P,Chicks!$F:$F,$C3,Chicks!$G:$G,$D3)) -> 0 | N3: =IF($J3="","",RANK($J3,$J$2:$J$1000,0)) | O3: =IF($F3=0,"",_xludf.IFS($G3/$F3<0.5,"0★",$G3/$F3<=0.6,"★",$G3/$F3<=0.7,"★★",$G3/$F3<=0.8,"★★★",$G3/$F3<=0.9,"★★★★",$G3/$F3<=1,"★★★★★")) -> #NAME? | P3: =IF($J3="","",_xludf.IFS($J3<0.5,"0★",$J3<=0.6,"★",$J3<=0.7,"★★",$J3<=0.8,"★★★",$J3<=0.9,"★★★★",$J3<=1,"★★★★★"))
A4: PAIR 2026 03 | B4: 2026 | C4: ZA-2024-GAMTOOS-233 | D4: ZA-2022-DUVE-243 | E4: =IFERROR(AVERAGEIFS(Chicks!$H:$H, Chicks!$F:$F, $C4, Chicks!$G:$G, $D4), "") -> 85 | F4: =IF($C4="","",COUNTIFS(Chicks!$F:$F,$C4,Chicks!$G:$G,$D4)) -> 1 | G4: =IF($C4="","",COUNTIFS(Chicks!$F:$F,$C4,Chicks!$G:$G,$D4,Chicks!$I:$I,"Yes")) -> 0 | H4: =IF($C4="","",SUMIFS(Chicks!$J:$J,Chicks!$F:$F,$C4,Chicks!$G:$G,$D4)) -> 0 | I4: =IF($C4="","",COUNTIFS(Chicks!$F:$F,$C4,Chicks!$G:$G,$D4,Chicks!$I:$I,"No")) -> 1 | J4: =IF($C4="","",IFERROR(AVERAGEIFS(Chicks!$M:$M,Chicks!$F:$F,$C4,Chicks!$G:$G,$D4),"")) | K4: =IF($C4="","",SUMIFS(Chicks!$N:$N,Chicks!$F:$F,$C4,Chicks!$G:$G,$D4)) -> 0 | L4: =IF($C4="","",SUMIFS(Chicks!$O:$O,Chicks!$F:$F,$C4,Chicks!$G:$G,$D4)) -> 0 | M4: =IF($C4="","",SUMIFS(Chicks!$P:$P,Chicks!$F:$F,$C4,Chicks!$G:$G,$D4)) -> 0 | N4: =IF($J4="","",RANK($J4,$J$2:$J$1000,0)) | O4: =IF($F4=0,"",_xludf.IFS($G4/$F4<0.5,"0★",$G4/$F4<=0.6,"★",$G4/$F4<=0.7,"★★",$G4/$F4<=0.8,"★★★",$G4/$F4<=0.9,"★★★★",$G4/$F4<=1,"★★★★★")) -> #NAME? | P4: =IF($J4="","",_xludf.IFS($J4<0.5,"0★",$J4<=0.6,"★",$J4<=0.7,"★★",$J4<=0.8,"★★★",$J4<=0.9,"★★★★",$J4<=1,"★★★★★"))
A5: PAIR 2026 04 | B5: 2026 | C5: ZA-2022-DUVE-241 | D5: ZA-2022-DUVE-233 | E5: =IFERROR(AVERAGEIFS(Chicks!$H:$H, Chicks!$F:$F, $C5, Chicks!$G:$G, $D5), "") -> 84.166667 | F5: =IF($C5="","",COUNTIFS(Chicks!$F:$F,$C5,Chicks!$G:$G,$D5)) -> 6 | G5: =IF($C5="","",COUNTIFS(Chicks!$F:$F,$C5,Chicks!$G:$G,$D5,Chicks!$I:$I,"Yes")) -> 5 | H5: =IF($C5="","",SUMIFS(Chicks!$J:$J,Chicks!$F:$F,$C5,Chicks!$G:$G,$D5)) -> 2 | I5: =IF($C5="","",COUNTIFS(Chicks!$F:$F,$C5,Chicks!$G:$G,$D5,Chicks!$I:$I,"No")) -> 1 | J5: =IF($C5="","",IFERROR(AVERAGEIFS(Chicks!$M:$M,Chicks!$F:$F,$C5,Chicks!$G:$G,$D5),"")) -> 0.3998202 | K5: =IF($C5="","",SUMIFS(Chicks!$N:$N,Chicks!$F:$F,$C5,Chicks!$G:$G,$D5)) -> 0 | L5: =IF($C5="","",SUMIFS(Chicks!$O:$O,Chicks!$F:$F,$C5,Chicks!$G:$G,$D5)) -> 0 | M5: =IF($C5="","",SUMIFS(Chicks!$P:$P,Chicks!$F:$F,$C5,Chicks!$G:$G,$D5)) -> 0 | N5: =IF($J5="","",RANK($J5,$J$2:$J$1000,0)) -> 6 | O5: =IF($F5=0,"",_xludf.IFS($G5/$F5<0.5,"0★",$G5/$F5<=0.6,"★",$G5/$F5<=0.7,"★★",$G5/$F5<=0.8,"★★★",$G5/$F5<=0.9,"★★★★",$G5/$F5<=1,"★★★★★")) -> #NAME? | P5: =IF($J5="","",_xludf.IFS($J5<0.5,"0★",$J5<=0.6,"★",$J5<=0.7,"★★",$J5<=0.8,"★★★",$J5<=0.9,"★★★★",$J5<=1,"★★★★★")) -> #NAME?
A6: PAIR 2026 05 | B6: 2026 | C6: ZA-2019-OPJB-251 | D6: ZA-2020-OP-17032 | E6: =IFERROR(AVERAGEIFS(Chicks!$H:$H, Chicks!$F:$F, $C6, Chicks!$G:$G, $D6), "") -> 81 | F6: =IF($C6="","",COUNTIFS(Chicks!$F:$F,$C6,Chicks!$G:$G,$D6)) -> 6 | G6: =IF($C6="","",COUNTIFS(Chicks!$F:$F,$C6,Chicks!$G:$G,$D6,Chicks!$I:$I,"Yes")) -> 3 | H6: =IF($C6="","",SUMIFS(Chicks!$J:$J,Chicks!$F:$F,$C6,Chicks!$G:$G,$D6)) -> 3 | I6: =IF($C6="","",COUNTIFS(Chicks!$F:$F,$C6,Chicks!$G:$G,$D6,Chicks!$I:$I,"No")) -> 3 | J6: =IF($C6="","",IFERROR(AVERAGEIFS(Chicks!$M:$M,Chicks!$F:$F,$C6,Chicks!$G:$G,$D6),"")) -> 0.63230393 | K6: =IF($C6="","",SUMIFS(Chicks!$N:$N,Chicks!$F:$F,$C6,Chicks!$G:$G,$D6)) -> 0 | L6: =IF($C6="","",SUMIFS(Chicks!$O:$O,Chicks!$F:$F,$C6,Chicks!$G:$G,$D6)) -> 0 | M6: =IF($C6="","",SUMIFS(Chicks!$P:$P,Chicks!$F:$F,$C6,Chicks!$G:$G,$D6)) -> 1 | N6: =IF($J6="","",RANK($J6,$J$2:$J$1000,0)) -> 3 | O6: =IF($F6=0,"",_xludf.IFS($G6/$F6<0.5,"0★",$G6/$F6<=0.6,"★",$G6/$F6<=0.7,"★★",$G6/$F6<=0.8,"★★★",$G6/$F6<=0.9,"★★★★",$G6/$F6<=1,"★★★★★")) -> #NAME? | P6: =IF($J6="","",_xludf.IFS($J6<0.5,"0★",$J6<=0.6,"★",$J6<=0.7,"★★",$J6<=0.8,"★★★",$J6<=0.9,"★★★★",$J6<=1,"★★★★★")) -> #NAME?
A7: PAIR 2026 06 | B7: 2026 | C7: ZA-2020-OP-19773 | D7: ZA-2022-DUVE-255 | E7: =IFERROR(AVERAGEIFS(Chicks!$H:$H, Chicks!$F:$F, $C7, Chicks!$G:$G, $D7), "") -> 80.714286 | F7: =IF($C7="","",COUNTIFS(Chicks!$F:$F,$C7,Chicks!$G:$G,$D7)) -> 7 | G7: =IF($C7="","",COUNTIFS(Chicks!$F:$F,$C7,Chicks!$G:$G,$D7,Chicks!$I:$I,"Yes")) -> 1 | H7: =IF($C7="","",SUMIFS(Chicks!$J:$J,Chicks!$F:$F,$C7,Chicks!$G:$G,$D7)) -> 2 | I7: =IF($C7="","",COUNTIFS(Chicks!$F:$F,$C7,Chicks!$G:$G,$D7,Chicks!$I:$I,"No")) -> 6 | J7: =IF($C7="","",IFERROR(AVERAGEIFS(Chicks!$M:$M,Chicks!$F:$F,$C7,Chicks!$G:$G,$D7),"")) -> 0.65702929 | K7: =IF($C7="","",SUMIFS(Chicks!$N:$N,Chicks!$F:$F,$C7,Chicks!$G:$G,$D7)) -> 1 | L7: =IF($C7="","",SUMIFS(Chicks!$O:$O,Chicks!$F:$F,$C7,Chicks!$G:$G,$D7)) -> 0 | M7: =IF($C7="","",SUMIFS(Chicks!$P:$P,Chicks!$F:$F,$C7,Chicks!$G:$G,$D7)) -> 1 | N7: =IF($J7="","",RANK($J7,$J$2:$J$1000,0)) -> 1 | O7: =IF($F7=0,"",_xludf.IFS($G7/$F7<0.5,"0★",$G7/$F7<=0.6,"★",$G7/$F7<=0.7,"★★",$G7/$F7<=0.8,"★★★",$G7/$F7<=0.9,"★★★★",$G7/$F7<=1,"★★★★★")) -> #NAME? | P7: =IF($J7="","",_xludf.IFS($J7<0.5,"0★",$J7<=0.6,"★",$J7<=0.7,"★★",$J7<=0.8,"★★★",$J7<=0.9,"★★★★",$J7<=1,"★★★★★")) -> #NAME?
A8: PAIR 2026 07 | B8: 2026 | C8: ZA-2022-DUVE-240 | D8: ZA-2022-DUVE-243 | E8: =IFERROR(AVERAGEIFS(Chicks!$H:$H, Chicks!$F:$F, $C8, Chicks!$G:$G, $D8), "") -> 80 | F8: =IF($C8="","",COUNTIFS(Chicks!$F:$F,$C8,Chicks!$G:$G,$D8)) -> 2 | G8: =IF($C8="","",COUNTIFS(Chicks!$F:$F,$C8,Chicks!$G:$G,$D8,Chicks!$I:$I,"Yes")) -> 1 | H8: =IF($C8="","",SUMIFS(Chicks!$J:$J,Chicks!$F:$F,$C8,Chicks!$G:$G,$D8)) -> 0 | I8: =IF($C8="","",COUNTIFS(Chicks!$F:$F,$C8,Chicks!$G:$G,$D8,Chicks!$I:$I,"No")) -> 1 | J8: =IF($C8="","",IFERROR(AVERAGEIFS(Chicks!$M:$M,Chicks!$F:$F,$C8,Chicks!$G:$G,$D8),"")) | K8: =IF($C8="","",SUMIFS(Chicks!$N:$N,Chicks!$F:$F,$C8,Chicks!$G:$G,$D8)) -> 0 | L8: =IF($C8="","",SUMIFS(Chicks!$O:$O,Chicks!$F:$F,$C8,Chicks!$G:$G,$D8)) -> 0 | M8: =IF($C8="","",SUMIFS(Chicks!$P:$P,Chicks!$F:$F,$C8,Chicks!$G:$G,$D8)) -> 0 | N8: =IF($J8="","",RANK($J8,$J$2:$J$1000,0)) | O8: =IF($F8=0,"",_xludf.IFS($G8/$F8<0.5,"0★",$G8/$F8<=0.6,"★",$G8/$F8<=0.7,"★★",$G8/$F8<=0.8,"★★★",$G8/$F8<=0.9,"★★★★",$G8/$F8<=1,"★★★★★")) -> #NAME? | P8: =IF($J8="","",_xludf.IFS($J8<0.5,"0★",$J8<=0.6,"★",$J8<=0.7,"★★",$J8<=0.8,"★★★",$J8<=0.9,"★★★★",$J8<=1,"★★★★★"))
A9: PAIR 2026 08 | B9: 2026 | C9: ZA-2015-OP-7903 | D9: ZA-2019-OP-9331 | E9: =IFERROR(AVERAGEIFS(Chicks!$H:$H, Chicks!$F:$F, $C9, Chicks!$G:$G, $D9), "") -> 77.5 | F9: =IF($C9="","",COUNTIFS(Chicks!$F:$F,$C9,Chicks!$G:$G,$D9)) -> 2 | G9: =IF($C9="","",COUNTIFS(Chicks!$F:$F,$C9,Chicks!$G:$G,$D9,Chicks!$I:$I,"Yes")) -> 2 | H9: =IF($C9="","",SUMIFS(Chicks!$J:$J,Chicks!$F:$F,$C9,Chicks!$G:$G,$D9)) -> 2 | I9: =IF($C9="","",COUNTIFS(Chicks!$F:$F,$C9,Chicks!$G:$G,$D9,Chicks!$I:$I,"No")) -> 0 | J9: =IF($C9="","",IFERROR(AVERAGEIFS(Chicks!$M:$M,Chicks!$F:$F,$C9,Chicks!$G:$G,$D9),"")) -> 0.57949766 | K9: =IF($C9="","",SUMIFS(Chicks!$N:$N,Chicks!$F:$F,$C9,Chicks!$G:$G,$D9)) -> 0 | L9: =IF($C9="","",SUMIFS(Chicks!$O:$O,Chicks!$F:$F,$C9,Chicks!$G:$G,$D9)) -> 0 | M9: =IF($C9="","",SUMIFS(Chicks!$P:$P,Chicks!$F:$F,$C9,Chicks!$G:$G,$D9)) -> 0 | N9: =IF($J9="","",RANK($J9,$J$2:$J$1000,0)) -> 4 | O9: =IF($F9=0,"",_xludf.IFS($G9/$F9<0.5,"0★",$G9/$F9<=0.6,"★",$G9/$F9<=0.7,"★★",$G9/$F9<=0.8,"★★★",$G9/$F9<=0.9,"★★★★",$G9/$F9<=1,"★★★★★")) -> #NAME? | P9: =IF($J9="","",_xludf.IFS($J9<0.5,"0★",$J9<=0.6,"★",$J9<=0.7,"★★",$J9<=0.8,"★★★",$J9<=0.9,"★★★★",$J9<=1,"★★★★★")) -> #NAME?
A10: PAIR 2026 09 | B10: 2026 | C10: ZA-2024-DUVENAGE-425 | D10: ZA-2020-OPDP-2190 | E10: =IFERROR(AVERAGEIFS(Chicks!$H:$H, Chicks!$F:$F, $C10, Chicks!$G:$G, $D10), "") -> 77.5 | F10: =IF($C10="","",COUNTIFS(Chicks!$F:$F,$C10,Chicks!$G:$G,$D10)) -> 2 | G10: =IF($C10="","",COUNTIFS(Chicks!$F:$F,$C10,Chicks!$G:$G,$D10,Chicks!$I:$I,"Yes")) -> 2 | H10: =IF($C10="","",SUMIFS(Chicks!$J:$J,Chicks!$F:$F,$C10,Chicks!$G:$G,$D10)) -> 3 | I10: =IF($C10="","",COUNTIFS(Chicks!$F:$F,$C10,Chicks!$G:$G,$D10,Chicks!$I:$I,"No")) -> 0 | J10: =IF($C10="","",IFERROR(AVERAGEIFS(Chicks!$M:$M,Chicks!$F:$F,$C10,Chicks!$G:$G,$D10),"")) -> 0.29976299 | K10: =IF($C10="","",SUMIFS(Chicks!$N:$N,Chicks!$F:$F,$C10,Chicks!$G:$G,$D10)) -> 0 | L10: =IF($C10="","",SUMIFS(Chicks!$O:$O,Chicks!$F:$F,$C10,Chicks!$G:$G,$D10)) -> 0 | M10: =IF($C10="","",SUMIFS(Chicks!$P:$P,Chicks!$F:$F,$C10,Chicks!$G:$G,$D10)) -> 0 | N10: =IF($J10="","",RANK($J10,$J$2:$J$1000,0)) -> 7 | O10: =IF($F10=0,"",_xludf.IFS($G10/$F10<0.5,"0★",$G10/$F10<=0.6,"★",$G10/$F10<=0.7,"★★",$G10/$F10<=0.8,"★★★",$G10/$F10<=0.9,"★★★★",$G10/$F10<=1,"★★★★★")) -> #NAME? | P10: =IF($J10="","",_xludf.IFS($J10<0.5,"0★",$J10<=0.6,"★",$J10<=0.7,"★★",$J10<=0.8,"★★★",$J10<=0.9,"★★★★",$J10<=1,"★★★★★")) -> #NAME?
A11: PAIR 2026 10 | B11: 2026 | C11: ZA-2022-DUVE-302 | D11: ZA-2022-DUVE-243 | E11: =IFERROR(AVERAGEIFS(Chicks!$H:$H, Chicks!$F:$F, $C11, Chicks!$G:$G, $D11), "") -> 75 | F11: =IF($C11="","",COUNTIFS(Chicks!$F:$F,$C11,Chicks!$G:$G,$D11)) -> 2 | G11: =IF($C11="","",COUNTIFS(Chicks!$F:$F,$C11,Chicks!$G:$G,$D11,Chicks!$I:$I,"Yes")) -> 1 | H11: =IF($C11="","",SUMIFS(Chicks!$J:$J,Chicks!$F:$F,$C11,Chicks!$G:$G,$D11)) -> 1 | I11: =IF($C11="","",COUNTIFS(Chicks!$F:$F,$C11,Chicks!$G:$G,$D11,Chicks!$I:$I,"No")) -> 1 | J11: =IF($C11="","",IFERROR(AVERAGEIFS(Chicks!$M:$M,Chicks!$F:$F,$C11,Chicks!$G:$G,$D11),"")) -> 0.63784461 | K11: =IF($C11="","",SUMIFS(Chicks!$N:$N,Chicks!$F:$F,$C11,Chicks!$G:$G,$D11)) -> 0 | L11: =IF($C11="","",SUMIFS(Chicks!$O:$O,Chicks!$F:$F,$C11,Chicks!$G:$G,$D11)) -> 0 | M11: =IF($C11="","",SUMIFS(Chicks!$P:$P,Chicks!$F:$F,$C11,Chicks!$G:$G,$D11)) -> 0 | N11: =IF($J11="","",RANK($J11,$J$2:$J$1000,0)) -> 2 | O11: =IF($F11=0,"",_xludf.IFS($G11/$F11<0.5,"0★",$G11/$F11<=0.6,"★",$G11/$F11<=0.7,"★★",$G11/$F11<=0.8,"★★★",$G11/$F11<=0.9,"★★★★",$G11/$F11<=1,"★★★★★")) -> #NAME? | P11: =IF($J11="","",_xludf.IFS($J11<0.5,"0★",$J11<=0.6,"★",$J11<=0.7,"★★",$J11<=0.8,"★★★",$J11<=0.9,"★★★★",$J11<=1,"★★★★★")) -> #NAME?
A12: PAIR 2026 11 | B12: 2026 | C12: ZA-2024-GAMTOOS-233 | D12: ZA-2019-OP-9331 | E12: =IFERROR(AVERAGEIFS(Chicks!$H:$H, Chicks!$F:$F, $C12, Chicks!$G:$G, $D12), "") -> 75 | F12: =IF($C12="","",COUNTIFS(Chicks!$F:$F,$C12,Chicks!$G:$G,$D12)) -> 2 | G12: =IF($C12="","",COUNTIFS(Chicks!$F:$F,$C12,Chicks!$G:$G,$D12,Chicks!$I:$I,"Yes")) -> 1 | H12: =IF($C12="","",SUMIFS(Chicks!$J:$J,Chicks!$F:$F,$C12,Chicks!$G:$G,$D12)) -> 0 | I12: =IF($C12="","",COUNTIFS(Chicks!$F:$F,$C12,Chicks!$G:$G,$D12,Chicks!$I:$I,"No")) -> 1 | J12: =IF($C12="","",IFERROR(AVERAGEIFS(Chicks!$M:$M,Chicks!$F:$F,$C12,Chicks!$G:$G,$D12),"")) | K12: =IF($C12="","",SUMIFS(Chicks!$N:$N,Chicks!$F:$F,$C12,Chicks!$G:$G,$D12)) -> 0 | L12: =IF($C12="","",SUMIFS(Chicks!$O:$O,Chicks!$F:$F,$C12,Chicks!$G:$G,$D12)) -> 0 | M12: =IF($C12="","",SUMIFS(Chicks!$P:$P,Chicks!$F:$F,$C12,Chicks!$G:$G,$D12)) -> 0 | N12: =IF($J12="","",RANK($J12,$J$2:$J$1000,0)) | O12: =IF($F12=0,"",_xludf.IFS($G12/$F12<0.5,"0★",$G12/$F12<=0.6,"★",$G12/$F12<=0.7,"★★",$G12/$F12<=0.8,"★★★",$G12/$F12<=0.9,"★★★★",$G12/$F12<=1,"★★★★★")) -> #NAME? | P12: =IF($J12="","",_xludf.IFS($J12<0.5,"0★",$J12<=0.6,"★",$J12<=0.7,"★★",$J12<=0.8,"★★★",$J12<=0.9,"★★★★",$J12<=1,"★★★★★"))
A13: PAIR 2026 12 | B13: 2026 | C13: ZA-2022-GRP-029 | D13: ZA-2019-OP-9331 | E13: =IFERROR(AVERAGEIFS(Chicks!$H:$H, Chicks!$F:$F, $C13, Chicks!$G:$G, $D13), "") -> 75 | F13: =IF($C13="","",COUNTIFS(Chicks!$F:$F,$C13,Chicks!$G:$G,$D13)) -> 1 | G13: =IF($C13="","",COUNTIFS(Chicks!$F:$F,$C13,Chicks!$G:$G,$D13,Chicks!$I:$I,"Yes")) -> 1 | H13: =IF($C13="","",SUMIFS(Chicks!$J:$J,Chicks!$F:$F,$C13,Chicks!$G:$G,$D13)) -> 0 | I13: =IF($C13="","",COUNTIFS(Chicks!$F:$F,$C13,Chicks!$G:$G,$D13,Chicks!$I:$I,"No")) -> 0 | J13: =IF($C13="","",IFERROR(AVERAGEIFS(Chicks!$M:$M,Chicks!$F:$F,$C13,Chicks!$G:$G,$D13),"")) | K13: =IF($C13="","",SUMIFS(Chicks!$N:$N,Chicks!$F:$F,$C13,Chicks!$G:$G,$D13)) -> 0 | L13: =IF($C13="","",SUMIFS(Chicks!$O:$O,Chicks!$F:$F,$C13,Chicks!$G:$G,$D13)) -> 0 | M13: =IF($C13="","",SUMIFS(Chicks!$P:$P,Chicks!$F:$F,$C13,Chicks!$G:$G,$D13)) -> 0 | N13: =IF($J13="","",RANK($J13,$J$2:$J$1000,0)) | O13: =IF($F13=0,"",_xludf.IFS($G13/$F13<0.5,"0★",$G13/$F13<=0.6,"★",$G13/$F13<=0.7,"★★",$G13/$F13<=0.8,"★★★",$G13/$F13<=0.9,"★★★★",$G13/$F13<=1,"★★★★★")) -> #NAME? | P13: =IF($J13="","",_xludf.IFS($J13<0.5,"0★",$J13<=0.6,"★",$J13<=0.7,"★★",$J13<=0.8,"★★★",$J13<=0.9,"★★★★",$J13<=1,"★★★★★"))
C14: =IFERROR(VALUE(LEFT($A14,FIND("-",$A14)-1)),"") | D14: =IFERROR(VALUE(MID($A14,FIND("-",$A14)+1,99)),"") | F14: =IF($C14="","",COUNTIFS(Chicks!$F:$F,$C14,Chicks!$G:$G,$D14)) | G14: =IF($C14="","",COUNTIFS(Chicks!$F:$F,$C14,Chicks!$G:$G,$D14,Chicks!$I:$I,"Yes")) | H14: =IF($C14="","",SUMIFS(Chicks!$J:$J,Chicks!$F:$F,$C14,Chicks!$G:$G,$D14)) | I14: =IF($C14="","",COUNTIFS(Chicks!$F:$F,$C14,Chicks!$G:$G,$D14,Chicks!$I:$I,"No")) | J14: =IF($C14="","",IFERROR(AVERAGEIFS(Chicks!$M:$M,Chicks!$F:$F,$C14,Chicks!$G:$G,$D14),"")) | K14: =IF($C14="","",SUMIFS(Chicks!$N:$N,Chicks!$F:$F,$C14,Chicks!$G:$G,$D14)) | L14: =IF($C14="","",SUMIFS(Chicks!$O:$O,Chicks!$F:$F,$C14,Chicks!$G:$G,$D14)) | M14: =IF($C14="","",SUMIFS(Chicks!$P:$P,Chicks!$F:$F,$C14,Chicks!$G:$G,$D14)) | N14: =IF($J14="","",RANK($J14,$J$2:$J$1000,0)) | O14: =IF($F14=0,"",_xludf.IFS($G14/$F14<0.5,"0★",$G14/$F14<=0.6,"★",$G14/$F14<=0.7,"★★",$G14/$F14<=0.8,"★★★",$G14/$F14<=0.9,"★★★★",$G14/$F14<=1,"★★★★★")) -> #NAME? | P14: =IF($J14="","",_xludf.IFS($J14<0.5,"0★",$J14<=0.6,"★",$J14<=0.7,"★★",$J14<=0.8,"★★★",$J14<=0.9,"★★★★",$J14<=1,"★★★★★"))
C15: =IFERROR(VALUE(LEFT($A15,FIND("-",$A15)-1)),"") | D15: =IFERROR(VALUE(MID($A15,FIND("-",$A15)+1,99)),"") | F15: =IF($C15="","",COUNTIFS(Chicks!$F:$F,$C15,Chicks!$G:$G,$D15)) | G15: =IF($C15="","",COUNTIFS(Chicks!$F:$F,$C15,Chicks!$G:$G,$D15,Chicks!$I:$I,"Yes")) | H15: =IF($C15="","",SUMIFS(Chicks!$J:$J,Chicks!$F:$F,$C15,Chicks!$G:$G,$D15)) | I15: =IF($C15="","",COUNTIFS(Chicks!$F:$F,$C15,Chicks!$G:$G,$D15,Chicks!$I:$I,"No")) | J15: =IF($C15="","",IFERROR(AVERAGEIFS(Chicks!$M:$M,Chicks!$F:$F,$C15,Chicks!$G:$G,$D15),"")) | K15: =IF($C15="","",SUMIFS(Chicks!$N:$N,Chicks!$F:$F,$C15,Chicks!$G:$G,$D15)) | L15: =IF($C15="","",SUMIFS(Chicks!$O:$O,Chicks!$F:$F,$C15,Chicks!$G:$G,$D15)) | M15: =IF($C15="","",SUMIFS(Chicks!$P:$P,Chicks!$F:$F,$C15,Chicks!$G:$G,$D15)) | N15: =IF($J15="","",RANK($J15,$J$2:$J$1000,0)) | O15: =IF($F15=0,"",_xludf.IFS($G15/$F15<0.5,"0★",$G15/$F15<=0.6,"★",$G15/$F15<=0.7,"★★",$G15/$F15<=0.8,"★★★",$G15/$F15<=0.9,"★★★★",$G15/$F15<=1,"★★★★★")) -> #NAME? | P15: =IF($J15="","",_xludf.IFS($J15<0.5,"0★",$J15<=0.6,"★",$J15<=0.7,"★★",$J15<=0.8,"★★★",$J15<=0.9,"★★★★",$J15<=1,"★★★★★"))
C16: =IFERROR(VALUE(LEFT($A16,FIND("-",$A16)-1)),"") | D16: =IFERROR(VALUE(MID($A16,FIND("-",$A16)+1,99)),"") | F16: =IF($C16="","",COUNTIFS(Chicks!$F:$F,$C16,Chicks!$G:$G,$D16)) | G16: =IF($C16="","",COUNTIFS(Chicks!$F:$F,$C16,Chicks!$G:$G,$D16,Chicks!$I:$I,"Yes")) | H16: =IF($C16="","",SUMIFS(Chicks!$J:$J,Chicks!$F:$F,$C16,Chicks!$G:$G,$D16)) | I16: =IF($C16="","",COUNTIFS(Chicks!$F:$F,$C16,Chicks!$G:$G,$D16,Chicks!$I:$I,"No")) | J16: =IF($C16="","",IFERROR(AVERAGEIFS(Chicks!$M:$M,Chicks!$F:$F,$C16,Chicks!$G:$G,$D16),"")) | K16: =IF($C16="","",SUMIFS(Chicks!$N:$N,Chicks!$F:$F,$C16,Chicks!$G:$G,$D16)) | L16: =IF($C16="","",SUMIFS(Chicks!$O:$O,Chicks!$F:$F,$C16,Chicks!$G:$G,$D16)) | M16: =IF($C16="","",SUMIFS(Chicks!$P:$P,Chicks!$F:$F,$C16,Chicks!$G:$G,$D16)) | N16: =IF($J16="","",RANK($J16,$J$2:$J$1000,0)) | O16: =IF($F16=0,"",_xludf.IFS($G16/$F16<0.5,"0★",$G16/$F16<=0.6,"★",$G16/$F16<=0.7,"★★",$G16/$F16<=0.8,"★★★",$G16/$F16<=0.9,"★★★★",$G16/$F16<=1,"★★★★★")) -> #NAME? | P16: =IF($J16="","",_xludf.IFS($J16<0.5,"0★",$J16<=0.6,"★",$J16<=0.7,"★★",$J16<=0.8,"★★★",$J16<=0.9,"★★★★",$J16<=1,"★★★★★"))
C17: =IFERROR(VALUE(LEFT($A17,FIND("-",$A17)-1)),"") | D17: =IFERROR(VALUE(MID($A17,FIND("-",$A17)+1,99)),"") | F17: =IF($C17="","",COUNTIFS(Chicks!$F:$F,$C17,Chicks!$G:$G,$D17)) | G17: =IF($C17="","",COUNTIFS(Chicks!$F:$F,$C17,Chicks!$G:$G,$D17,Chicks!$I:$I,"Yes")) | H17: =IF($C17="","",SUMIFS(Chicks!$J:$J,Chicks!$F:$F,$C17,Chicks!$G:$G,$D17)) | I17: =IF($C17="","",COUNTIFS(Chicks!$F:$F,$C17,Chicks!$G:$G,$D17,Chicks!$I:$I,"No")) | J17: =IF($C17="","",IFERROR(AVERAGEIFS(Chicks!$M:$M,Chicks!$F:$F,$C17,Chicks!$G:$G,$D17),"")) | K17: =IF($C17="","",SUMIFS(Chicks!$N:$N,Chicks!$F:$F,$C17,Chicks!$G:$G,$D17)) | L17: =IF($C17="","",SUMIFS(Chicks!$O:$O,Chicks!$F:$F,$C17,Chicks!$G:$G,$D17)) | M17: =IF($C17="","",SUMIFS(Chicks!$P:$P,Chicks!$F:$F,$C17,Chicks!$G:$G,$D17)) | N17: =IF($J17="","",RANK($J17,$J$2:$J$1000,0)) | O17: =IF($F17=0,"",_xludf.IFS($G17/$F17<0.5,"0★",$G17/$F17<=0.6,"★",$G17/$F17<=0.7,"★★",$G17/$F17<=0.8,"★★★",$G17/$F17<=0.9,"★★★★",$G17/$F17<=1,"★★★★★")) -> #NAME? | P17: =IF($J17="","",_xludf.IFS($J17<0.5,"0★",$J17<=0.6,"★",$J17<=0.7,"★★",$J17<=0.8,"★★★",$J17<=0.9,"★★★★",$J17<=1,"★★★★★"))
C18: =IFERROR(VALUE(LEFT($A18,FIND("-",$A18)-1)),"") | D18: =IFERROR(VALUE(MID($A18,FIND("-",$A18)+1,99)),"") | F18: =IF($C18="","",COUNTIFS(Chicks!$F:$F,$C18,Chicks!$G:$G,$D18)) | G18: =IF($C18="","",COUNTIFS(Chicks!$F:$F,$C18,Chicks!$G:$G,$D18,Chicks!$I:$I,"Yes")) | H18: =IF($C18="","",SUMIFS(Chicks!$J:$J,Chicks!$F:$F,$C18,Chicks!$G:$G,$D18)) | I18: =IF($C18="","",COUNTIFS(Chicks!$F:$F,$C18,Chicks!$G:$G,$D18,Chicks!$I:$I,"No")) | J18: =IF($C18="","",IFERROR(AVERAGEIFS(Chicks!$M:$M,Chicks!$F:$F,$C18,Chicks!$G:$G,$D18),"")) | K18: =IF($C18="","",SUMIFS(Chicks!$N:$N,Chicks!$F:$F,$C18,Chicks!$G:$G,$D18)) | L18: =IF($C18="","",SUMIFS(Chicks!$O:$O,Chicks!$F:$F,$C18,Chicks!$G:$G,$D18)) | M18: =IF($C18="","",SUMIFS(Chicks!$P:$P,Chicks!$F:$F,$C18,Chicks!$G:$G,$D18)) | N18: =IF($J18="","",RANK($J18,$J$2:$J$1000,0)) | O18: =IF($F18=0,"",_xludf.IFS($G18/$F18<0.5,"0★",$G18/$F18<=0.6,"★",$G18/$F18<=0.7,"★★",$G18/$F18<=0.8,"★★★",$G18/$F18<=0.9,"★★★★",$G18/$F18<=1,"★★★★★")) -> #NAME? | P18: =IF($J18="","",_xludf.IFS($J18<0.5,"0★",$J18<=0.6,"★",$J18<=0.7,"★★",$J18<=0.8,"★★★",$J18<=0.9,"★★★★",$J18<=1,"★★★★★"))
C19: =IFERROR(VALUE(LEFT($A19,FIND("-",$A19)-1)),"") | D19: =IFERROR(VALUE(MID($A19,FIND("-",$A19)+1,99)),"") | F19: =IF($C19="","",COUNTIFS(Chicks!$F:$F,$C19,Chicks!$G:$G,$D19)) | G19: =IF($C19="","",COUNTIFS(Chicks!$F:$F,$C19,Chicks!$G:$G,$D19,Chicks!$I:$I,"Yes")) | H19: =IF($C19="","",SUMIFS(Chicks!$J:$J,Chicks!$F:$F,$C19,Chicks!$G:$G,$D19)) | I19: =IF($C19="","",COUNTIFS(Chicks!$F:$F,$C19,Chicks!$G:$G,$D19,Chicks!$I:$I,"No")) | J19: =IF($C19="","",IFERROR(AVERAGEIFS(Chicks!$M:$M,Chicks!$F:$F,$C19,Chicks!$G:$G,$D19),"")) | K19: =IF($C19="","",SUMIFS(Chicks!$N:$N,Chicks!$F:$F,$C19,Chicks!$G:$G,$D19)) | L19: =IF($C19="","",SUMIFS(Chicks!$O:$O,Chicks!$F:$F,$C19,Chicks!$G:$G,$D19)) | M19: =IF($C19="","",SUMIFS(Chicks!$P:$P,Chicks!$F:$F,$C19,Chicks!$G:$G,$D19)) | N19: =IF($J19="","",RANK($J19,$J$2:$J$1000,0)) | O19: =IF($F19=0,"",_xludf.IFS($G19/$F19<0.5,"0★",$G19/$F19<=0.6,"★",$G19/$F19<=0.7,"★★",$G19/$F19<=0.8,"★★★",$G19/$F19<=0.9,"★★★★",$G19/$F19<=1,"★★★★★")) -> #NAME? | P19: =IF($J19="","",_xludf.IFS($J19<0.5,"0★",$J19<=0.6,"★",$J19<=0.7,"★★",$J19<=0.8,"★★★",$J19<=0.9,"★★★★",$J19<=1,"★★★★★"))
C20: =IFERROR(VALUE(LEFT($A20,FIND("-",$A20)-1)),"") | D20: =IFERROR(VALUE(MID($A20,FIND("-",$A20)+1,99)),"") | F20: =IF($C20="","",COUNTIFS(Chicks!$F:$F,$C20,Chicks!$G:$G,$D20)) | G20: =IF($C20="","",COUNTIFS(Chicks!$F:$F,$C20,Chicks!$G:$G,$D20,Chicks!$I:$I,"Yes")) | H20: =IF($C20="","",SUMIFS(Chicks!$J:$J,Chicks!$F:$F,$C20,Chicks!$G:$G,$D20)) | I20: =IF($C20="","",COUNTIFS(Chicks!$F:$F,$C20,Chicks!$G:$G,$D20,Chicks!$I:$I,"No")) | J20: =IF($C20="","",IFERROR(AVERAGEIFS(Chicks!$M:$M,Chicks!$F:$F,$C20,Chicks!$G:$G,$D20),"")) | K20: =IF($C20="","",SUMIFS(Chicks!$N:$N,Chicks!$F:$F,$C20,Chicks!$G:$G,$D20)) | L20: =IF($C20="","",SUMIFS(Chicks!$O:$O,Chicks!$F:$F,$C20,Chicks!$G:$G,$D20)) | M20: =IF($C20="","",SUMIFS(Chicks!$P:$P,Chicks!$F:$F,$C20,Chicks!$G:$G,$D20)) | N20: =IF($J20="","",RANK($J20,$J$2:$J$1000,0)) | O20: =IF($F20=0,"",_xludf.IFS($G20/$F20<0.5,"0★",$G20/$F20<=0.6,"★",$G20/$F20<=0.7,"★★",$G20/$F20<=0.8,"★★★",$G20/$F20<=0.9,"★★★★",$G20/$F20<=1,"★★★★★")) -> #NAME? | P20: =IF($J20="","",_xludf.IFS($J20<0.5,"0★",$J20<=0.6,"★",$J20<=0.7,"★★",$J20<=0.8,"★★★",$J20<=0.9,"★★★★",$J20<=1,"★★★★★"))
C21: =IFERROR(VALUE(LEFT($A21,FIND("-",$A21)-1)),"") | D21: =IFERROR(VALUE(MID($A21,FIND("-",$A21)+1,99)),"") | F21: =IF($C21="","",COUNTIFS(Chicks!$F:$F,$C21,Chicks!$G:$G,$D21)) | G21: =IF($C21="","",COUNTIFS(Chicks!$F:$F,$C21,Chicks!$G:$G,$D21,Chicks!$I:$I,"Yes")) | H21: =IF($C21="","",SUMIFS(Chicks!$J:$J,Chicks!$F:$F,$C21,Chicks!$G:$G,$D21)) | I21: =IF($C21="","",COUNTIFS(Chicks!$F:$F,$C21,Chicks!$G:$G,$D21,Chicks!$I:$I,"No")) | J21: =IF($C21="","",IFERROR(AVERAGEIFS(Chicks!$M:$M,Chicks!$F:$F,$C21,Chicks!$G:$G,$D21),"")) | K21: =IF($C21="","",SUMIFS(Chicks!$N:$N,Chicks!$F:$F,$C21,Chicks!$G:$G,$D21)) | L21: =IF($C21="","",SUMIFS(Chicks!$O:$O,Chicks!$F:$F,$C21,Chicks!$G:$G,$D21)) | M21: =IF($C21="","",SUMIFS(Chicks!$P:$P,Chicks!$F:$F,$C21,Chicks!$G:$G,$D21)) | N21: =IF($J21="","",RANK($J21,$J$2:$J$1000,0)) | O21: =IF($F21=0,"",_xludf.IFS($G21/$F21<0.5,"0★",$G21/$F21<=0.6,"★",$G21/$F21<=0.7,"★★",$G21/$F21<=0.8,"★★★",$G21/$F21<=0.9,"★★★★",$G21/$F21<=1,"★★★★★")) -> #NAME? | P21: =IF($J21="","",_xludf.IFS($J21<0.5,"0★",$J21<=0.6,"★",$J21<=0.7,"★★",$J21<=0.8,"★★★",$J21<=0.9,"★★★★",$J21<=1,"★★★★★"))
C22: =IFERROR(VALUE(LEFT($A22,FIND("-",$A22)-1)),"") | D22: =IFERROR(VALUE(MID($A22,FIND("-",$A22)+1,99)),"") | F22: =IF($C22="","",COUNTIFS(Chicks!$F:$F,$C22,Chicks!$G:$G,$D22)) | G22: =IF($C22="","",COUNTIFS(Chicks!$F:$F,$C22,Chicks!$G:$G,$D22,Chicks!$I:$I,"Yes")) | H22: =IF($C22="","",SUMIFS(Chicks!$J:$J,Chicks!$F:$F,$C22,Chicks!$G:$G,$D22)) | I22: =IF($C22="","",COUNTIFS(Chicks!$F:$F,$C22,Chicks!$G:$G,$D22,Chicks!$I:$I,"No")) | J22: =IF($C22="","",IFERROR(AVERAGEIFS(Chicks!$M:$M,Chicks!$F:$F,$C22,Chicks!$G:$G,$D22),"")) | K22: =IF($C22="","",SUMIFS(Chicks!$N:$N,Chicks!$F:$F,$C22,Chicks!$G:$G,$D22)) | L22: =IF($C22="","",SUMIFS(Chicks!$O:$O,Chicks!$F:$F,$C22,Chicks!$G:$G,$D22)) | M22: =IF($C22="","",SUMIFS(Chicks!$P:$P,Chicks!$F:$F,$C22,Chicks!$G:$G,$D22)) | N22: =IF($J22="","",RANK($J22,$J$2:$J$1000,0)) | O22: =IF($F22=0,"",_xludf.IFS($G22/$F22<0.5,"0★",$G22/$F22<=0.6,"★",$G22/$F22<=0.7,"★★",$G22/$F22<=0.8,"★★★",$G22/$F22<=0.9,"★★★★",$G22/$F22<=1,"★★★★★")) -> #NAME? | P22: =IF($J22="","",_xludf.IFS($J22<0.5,"0★",$J22<=0.6,"★",$J22<=0.7,"★★",$J22<=0.8,"★★★",$J22<=0.9,"★★★★",$J22<=1,"★★★★★"))
C23: =IFERROR(VALUE(LEFT($A23,FIND("-",$A23)-1)),"") | D23: =IFERROR(VALUE(MID($A23,FIND("-",$A23)+1,99)),"") | F23: =IF($C23="","",COUNTIFS(Chicks!$F:$F,$C23,Chicks!$G:$G,$D23)) | G23: =IF($C23="","",COUNTIFS(Chicks!$F:$F,$C23,Chicks!$G:$G,$D23,Chicks!$I:$I,"Yes")) | H23: =IF($C23="","",SUMIFS(Chicks!$J:$J,Chicks!$F:$F,$C23,Chicks!$G:$G,$D23)) | I23: =IF($C23="","",COUNTIFS(Chicks!$F:$F,$C23,Chicks!$G:$G,$D23,Chicks!$I:$I,"No")) | J23: =IF($C23="","",IFERROR(AVERAGEIFS(Chicks!$M:$M,Chicks!$F:$F,$C23,Chicks!$G:$G,$D23),"")) | K23: =IF($C23="","",SUMIFS(Chicks!$N:$N,Chicks!$F:$F,$C23,Chicks!$G:$G,$D23)) | L23: =IF($C23="","",SUMIFS(Chicks!$O:$O,Chicks!$F:$F,$C23,Chicks!$G:$G,$D23)) | M23: =IF($C23="","",SUMIFS(Chicks!$P:$P,Chicks!$F:$F,$C23,Chicks!$G:$G,$D23)) | N23: =IF($J23="","",RANK($J23,$J$2:$J$1000,0)) | O23: =IF($F23=0,"",_xludf.IFS($G23/$F23<0.5,"0★",$G23/$F23<=0.6,"★",$G23/$F23<=0.7,"★★",$G23/$F23<=0.8,"★★★",$G23/$F23<=0.9,"★★★★",$G23/$F23<=1,"★★★★★")) -> #NAME? | P23: =IF($J23="","",_xludf.IFS($J23<0.5,"0★",$J23<=0.6,"★",$J23<=0.7,"★★",$J23<=0.8,"★★★",$J23<=0.9,"★★★★",$J23<=1,"★★★★★"))
C24: =IFERROR(VALUE(LEFT($A24,FIND("-",$A24)-1)),"") | D24: =IFERROR(VALUE(MID($A24,FIND("-",$A24)+1,99)),"") | F24: =IF($C24="","",COUNTIFS(Chicks!$F:$F,$C24,Chicks!$G:$G,$D24)) | G24: =IF($C24="","",COUNTIFS(Chicks!$F:$F,$C24,Chicks!$G:$G,$D24,Chicks!$I:$I,"Yes")) | H24: =IF($C24="","",SUMIFS(Chicks!$J:$J,Chicks!$F:$F,$C24,Chicks!$G:$G,$D24)) | I24: =IF($C24="","",COUNTIFS(Chicks!$F:$F,$C24,Chicks!$G:$G,$D24,Chicks!$I:$I,"No")) | J24: =IF($C24="","",IFERROR(AVERAGEIFS(Chicks!$M:$M,Chicks!$F:$F,$C24,Chicks!$G:$G,$D24),"")) | K24: =IF($C24="","",SUMIFS(Chicks!$N:$N,Chicks!$F:$F,$C24,Chicks!$G:$G,$D24)) | L24: =IF($C24="","",SUMIFS(Chicks!$O:$O,Chicks!$F:$F,$C24,Chicks!$G:$G,$D24)) | M24: =IF($C24="","",SUMIFS(Chicks!$P:$P,Chicks!$F:$F,$C24,Chicks!$G:$G,$D24)) | N24: =IF($J24="","",RANK($J24,$J$2:$J$1000,0)) | O24: =IF($F24=0,"",_xludf.IFS($G24/$F24<0.5,"0★",$G24/$F24<=0.6,"★",$G24/$F24<=0.7,"★★",$G24/$F24<=0.8,"★★★",$G24/$F24<=0.9,"★★★★",$G24/$F24<=1,"★★★★★")) -> #NAME? | P24: =IF($J24="","",_xludf.IFS($J24<0.5,"0★",$J24<=0.6,"★",$J24<=0.7,"★★",$J24<=0.8,"★★★",$J24<=0.9,"★★★★",$J24<=1,"★★★★★"))
C25: =IFERROR(VALUE(LEFT($A25,FIND("-",$A25)-1)),"") | D25: =IFERROR(VALUE(MID($A25,FIND("-",$A25)+1,99)),"") | F25: =IF($C25="","",COUNTIFS(Chicks!$F:$F,$C25,Chicks!$G:$G,$D25)) | G25: =IF($C25="","",COUNTIFS(Chicks!$F:$F,$C25,Chicks!$G:$G,$D25,Chicks!$I:$I,"Yes")) | H25: =IF($C25="","",SUMIFS(Chicks!$J:$J,Chicks!$F:$F,$C25,Chicks!$G:$G,$D25)) | I25: =IF($C25="","",COUNTIFS(Chicks!$F:$F,$C25,Chicks!$G:$G,$D25,Chicks!$I:$I,"No")) | J25: =IF($C25="","",IFERROR(AVERAGEIFS(Chicks!$M:$M,Chicks!$F:$F,$C25,Chicks!$G:$G,$D25),"")) | K25: =IF($C25="","",SUMIFS(Chicks!$N:$N,Chicks!$F:$F,$C25,Chicks!$G:$G,$D25)) | L25: =IF($C25="","",SUMIFS(Chicks!$O:$O,Chicks!$F:$F,$C25,Chicks!$G:$G,$D25)) | M25: =IF($C25="","",SUMIFS(Chicks!$P:$P,Chicks!$F:$F,$C25,Chicks!$G:$G,$D25)) | N25: =IF($J25="","",RANK($J25,$J$2:$J$1000,0)) | O25: =IF($F25=0,"",_xludf.IFS($G25/$F25<0.5,"0★",$G25/$F25<=0.6,"★",$G25/$F25<=0.7,"★★",$G25/$F25<=0.8,"★★★",$G25/$F25<=0.9,"★★★★",$G25/$F25<=1,"★★★★★")) -> #NAME? | P25: =IF($J25="","",_xludf.IFS($J25<0.5,"0★",$J25<=0.6,"★",$J25<=0.7,"★★",$J25<=0.8,"★★★",$J25<=0.9,"★★★★",$J25<=1,"★★★★★"))
... C1000: =IFERROR(VALUE(LEFT($A1000,FIND("-",$A1000)-1)),"") | D1000: =IFERROR(VALUE(MID($A1000,FIND("-",$A1000)+1,99)),"") | F1000: =IF($C1000="","",COUNTIFS(Chicks!$F:$F,$C1000,Chicks!$G:$G,$D1000)) | G1000: =IF($C1000="","",COUNTIFS(Chicks!$F:$F,$C1000,Chicks!$G:$G,$D1000,Chicks!$I:$I,"Yes")) | H1000: =IF($C1000="","",SUMIFS(Chicks!$J:$J,Chicks!$F:$F,$C1000,Chicks!$G:$G,$D1000)) | I1000: =IF($C1000="","",COUNTIFS(Chicks!$F:$F,$C1000,Chicks!$G:$G,$D1000,Chicks!$I:$I,"No")) | J1000: =IF($C1000="","",IFERROR(AVERAGEIFS(Chicks!$M:$M,Chicks!$F:$F,$C1000,Chicks!$G:$G,$D1000),"")) | K1000: =IF($C1000="","",SUMIFS(Chicks!$N:$N,Chicks!$F:$F,$C1000,Chicks!$G:$G,$D1000)) | L1000: =IF($C1000="","",SUMIFS(Chicks!$O:$O,Chicks!$F:$F,$C1000,Chicks!$G:$G,$D1000)) | M1000: =IF($C1000="","",SUMIFS(Chicks!$P:$P,Chicks!$F:$F,$C1000,Chicks!$G:$G,$D1000)) | N1000: =IF($J1000="","",RANK($J1000,$J$2:$J$1000,0)) | O1000: =IF($F1000=0,"",_xludf.IFS($G1000/$F1000<0.5,"0★",$G1000/$F1000<=0.6,"★",$G1000/$F1000<=0.7,"★★",$G1000/$F1000<=0.8,"★★★",$G1000/$F1000<=0.9,"★★★★",$G1000/$F1000<=1,"★★★★★")) -> #NAME? | P1000: =IF($J1000="","",_xludf.IFS($J1000<0.5,"0★",$J1000<=0.6,"★",$J1000<=0.7,"★★",$J1000<=0.8,"★★★",$J1000<=0.9,"★★★★",$J1000<=1,"★★★★★"))

Sheet ByRound
A1: RoundNumber | B1: ChicksBorn | C1: Pre-Season Rank | D1: AvgFederationPos | E1: AvgLoftPos | F1: AverageRaceIndex | G1: Top20FedFinishes | H1: FedWins | I1: Loft top 3
A2: 1 | B2: =IF(A2="","",COUNTIF(Chicks!$C:$C,A2)) -> 15 | C2: =IFERROR(AVERAGEIF(Chicks!$C:$C, $A2, Chicks!$H:$H), "") -> 80.714286 | D2: =IF(A2="","",IFERROR(AVERAGEIF(Chicks!$C:$C,A2,Chicks!$K:$K),"")) -> 96.166667 | E2: =IF(A2="","",IFERROR(AVERAGEIF(Chicks!$C:$C,A2,Chicks!$L:$L),"")) -> 9.8333333 | F2: =IF(A2="","",IFERROR(AVERAGEIF(Chicks!$C:$C,A2,Chicks!$M:$M),"")) -> 0.39300788 | G2: =IF(A2="","",SUMIFS(Chicks!$N:$N,Chicks!$C:$C,A2)) -> 0 | H2: =IF(A2="","",SUMIFS(Chicks!$O:$O,Chicks!$C:$C,A2)) -> 0 | I2: =IF(A2="","",SUMIFS(Chicks!$P:$P,Chicks!$C:$C,A2)) -> 0
A3: 2 | B3: =IF(A3="","",COUNTIF(Chicks!$C:$C,A3)) -> 13 | C3: =IFERROR(AVERAGEIF(Chicks!$C:$C, $A3, Chicks!$H:$H), "") -> 84.166667 | D3: =IF(A3="","",IFERROR(AVERAGEIF(Chicks!$C:$C,A3,Chicks!$K:$K),"")) -> 66.875 | E3: =IF(A3="","",IFERROR(AVERAGEIF(Chicks!$C:$C,A3,Chicks!$L:$L),"")) -> 6.875 | F3: =IF(A3="","",IFERROR(AVERAGEIF(Chicks!$C:$C,A3,Chicks!$M:$M),"")) -> 0.58036434 | G3: =IF(A3="","",SUMIFS(Chicks!$N:$N,Chicks!$C:$C,A3)) -> 1 | H3: =IF(A3="","",SUMIFS(Chicks!$O:$O,Chicks!$C:$C,A3)) -> 0 | I3: =IF(A3="","",SUMIFS(Chicks!$P:$P,Chicks!$C:$C,A3)) -> 2
A4: 3 | B4: =IF(A4="","",COUNTIF(Chicks!$C:$C,A4)) -> 7 | C4: =IFERROR(AVERAGEIF(Chicks!$C:$C, $A4, Chicks!$H:$H), "") -> 81.428571 | D4: =IF(A4="","",IFERROR(AVERAGEIF(Chicks!$C:$C,A4,Chicks!$K:$K),"")) -> 84.75 | E4: =IF(A4="","",IFERROR(AVERAGEIF(Chicks!$C:$C,A4,Chicks!$L:$L),"")) -> 9.25 | F4: =IF(A4="","",IFERROR(AVERAGEIF(Chicks!$C:$C,A4,Chicks!$M:$M),"")) -> 0.4320802 | G4: =IF(A4="","",SUMIFS(Chicks!$N:$N,Chicks!$C:$C,A4)) -> 0 | H4: =IF(A4="","",SUMIFS(Chicks!$O:$O,Chicks!$C:$C,A4)) -> 0 | I4: =IF(A4="","",SUMIFS(Chicks!$P:$P,Chicks!$C:$C,A4)) -> 0
A5: 4 | B5: =IF(A5="","",COUNTIF(Chicks!$C:$C,A5)) -> 3 | C5: =IFERROR(AVERAGEIF(Chicks!$C:$C, $A5, Chicks!$H:$H), "") -> 73.333333 | D5: =IF(A5="","",IFERROR(AVERAGEIF(Chicks!$C:$C,A5,Chicks!$K:$K),"")) -> 53 | E5: =IF(A5="","",IFERROR(AVERAGEIF(Chicks!$C:$C,A5,Chicks!$L:$L),"")) -> 6 | F5: =IF(A5="","",IFERROR(AVERAGEIF(Chicks!$C:$C,A5,Chicks!$M:$M),"")) -> 0.63784461 | G5: =IF(A5="","",SUMIFS(Chicks!$N:$N,Chicks!$C:$C,A5)) -> 0 | H5: =IF(A5="","",SUMIFS(Chicks!$O:$O,Chicks!$C:$C,A5)) -> 0 | I5: =IF(A5="","",SUMIFS(Chicks!$P:$P,Chicks!$C:$C,A5)) -> 0
A6: 5 | B6: =IF(A6="","",COUNTIF(Chicks!$C:$C,A6)) -> 0 | C6: =IFERROR(AVERAGEIF(Chicks!$C:$C, $A6, Chicks!$H:$H), "") | D6: =IF(A6="","",IFERROR(AVERAGEIF(Chicks!$C:$C,A6,Chicks!$K:$K),"")) | E6: =IF(A6="","",IFERROR(AVERAGEIF(Chicks!$C:$C,A6,Chicks!$L:$L),"")) | F6: =IF(A6="","",IFERROR(AVERAGEIF(Chicks!$C:$C,A6,Chicks!$M:$M),"")) | G6: =IF(A6="","",SUMIFS(Chicks!$N:$N,Chicks!$C:$C,A6)) -> 0 | H6: =IF(A6="","",SUMIFS(Chicks!$O:$O,Chicks!$C:$C,A6)) -> 0 | I6: =IF(A6="","",SUMIFS(Chicks!$P:$P,Chicks!$C:$C,A6)) -> 0
A7: 6 | B7: =IF(A7="","",COUNTIF(Chicks!$C:$C,A7)) -> 0 | C7: =IFERROR(AVERAGEIF(Chicks!$C:$C, $A7, Chicks!$H:$H), "") | D7: =IF(A7="","",IFERROR(AVERAGEIF(Chicks!$C:$C,A7,Chicks!$K:$K),"")) | E7: =IF(A7="","",IFERROR(AVERAGEIF(Chicks!$C:$C,A7,Chicks!$L:$L),"")) | F7: =IF(A7="","",IFERROR(AVERAGEIF(Chicks!$C:$C,A7,Chicks!$M:$M),"")) | G7: =IF(A7="","",SUMIFS(Chicks!$N:$N,Chicks!$C:$C,A7)) -> 0 | H7: =IF(A7="","",SUMIFS(Chicks!$O:$O,Chicks!$C:$C,A7)) -> 0 | I7: =IF(A7="","",SUMIFS(Chicks!$P:$P,Chicks!$C:$C,A7)) -> 0
A8: 7 | B8: =IF(A8="","",COUNTIF(Chicks!$C:$C,A8)) -> 0 | C8: =IFERROR(AVERAGEIF(Chicks!$C:$C, $A8, Chicks!$H:$H), "") | D8: =IF(A8="","",IFERROR(AVERAGEIF(Chicks!$C:$C,A8,Chicks!$K:$K),"")) | E8: =IF(A8="","",IFERROR(AVERAGEIF(Chicks!$C:$C,A8,Chicks!$L:$L),"")) | F8: =IF(A8="","",IFERROR(AVERAGEIF(Chicks!$C:$C,A8,Chicks!$M:$M),"")) | G8: =IF(A8="","",SUMIFS(Chicks!$N:$N,Chicks!$C:$C,A8)) -> 0 | H8: =IF(A8="","",SUMIFS(Chicks!$O:$O,Chicks!$C:$C,A8)) -> 0 | I8: =IF(A8="","",SUMIFS(Chicks!$P:$P,Chicks!$C:$C,A8)) -> 0
A9: 8 | B9: =IF(A9="","",COUNTIF(Chicks!$C:$C,A9)) -> 0 | C9: =IFERROR(AVERAGEIF(Chicks!$C:$C, $A9, Chicks!$H:$H), "") | D9: =IF(A9="","",IFERROR(AVERAGEIF(Chicks!$C:$C,A9,Chicks!$K:$K),"")) | E9: =IF(A9="","",IFERROR(AVERAGEIF(Chicks!$C:$C,A9,Chicks!$L:$L),"")) | F9: =IF(A9="","",IFERROR(AVERAGEIF(Chicks!$C:$C,A9,Chicks!$M:$M),"")) | G9: =IF(A9="","",SUMIFS(Chicks!$N:$N,Chicks!$C:$C,A9)) -> 0 | H9: =IF(A9="","",SUMIFS(Chicks!$O:$O,Chicks!$C:$C,A9)) -> 0 | I9: =IF(A9="","",SUMIFS(Chicks!$P:$P,Chicks!$C:$C,A9)) -> 0
B10: =IF(A10="","",COUNTIF(Chicks!$C:$C,A10)) | D10: =IF(A10="","",IFERROR(AVERAGEIF(Chicks!$C:$C,A10,Chicks!$K:$K),"")) | E10: =IF(A10="","",IFERROR(AVERAGEIF(Chicks!$C:$C,A10,Chicks!$L:$L),"")) | F10: =IF(A10="","",IFERROR(AVERAGEIF(Chicks!$C:$C,A10,Chicks!$M:$M),"")) | G10: =IF(A10="","",SUMIFS(Chicks!$N:$N,Chicks!$C:$C,A10)) | H10: =IF(A10="","",SUMIFS(Chicks!$O:$O,Chicks!$C:$C,A10)) | I10: =IF(A10="","",SUMIFS(Chicks!$P:$P,Chicks!$C:$C,A10))
B11: =IF(A11="","",COUNTIF(Chicks!$C:$C,A11)) | D11: =IF(A11="","",IFERROR(AVERAGEIF(Chicks!$C:$C,A11,Chicks!$K:$K),"")) | E11: =IF(A11="","",IFERROR(AVERAGEIF(Chicks!$C:$C,A11,Chicks!$L:$L),"")) | F11: =IF(A11="","",IFERROR(AVERAGEIF(Chicks!$C:$C,A11,Chicks!$M:$M),"")) | G11: =IF(A11="","",SUMIFS(Chicks!$N:$N,Chicks!$C:$C,A11)) | H11: =IF(A11="","",SUMIFS(Chicks!$O:$O,Chicks!$C:$C,A11)) | I11: =IF(A11="","",SUMIFS(Chicks!$P:$P,Chicks!$C:$C,A11))
B12: =IF(A12="","",COUNTIF(Chicks!$C:$C,A12)) | D12: =IF(A12="","",IFERROR(AVERAGEIF(Chicks!$C:$C,A12,Chicks!$K:$K),"")) | E12: =IF(A12="","",IFERROR(AVERAGEIF(Chicks!$C:$C,A12,Chicks!$L:$L),"")) | F12: =IF(A12="","",IFERROR(AVERAGEIF(Chicks!$C:$C,A12,Chicks!$M:$M),"")) | G12: =IF(A12="","",SUMIFS(Chicks!$N:$N,Chicks!$C:$C,A12)) | H12: =IF(A12="","",SUMIFS(Chicks!$O:$O,Chicks!$C:$C,A12)) | I12: =IF(A12="","",SUMIFS(Chicks!$P:$P,Chicks!$C:$C,A12))
B13: =IF(A13="","",COUNTIF(Chicks!$C:$C,A13)) | D13: =IF(A13="","",IFERROR(AVERAGEIF(Chicks!$C:$C,A13,Chicks!$K:$K),"")) | E13: =IF(A13="","",IFERROR(AVERAGEIF(Chicks!$C:$C,A13,Chicks!$L:$L),"")) | F13: =IF(A13="","",IFERROR(AVERAGEIF(Chicks!$C:$C,A13,Chicks!$M:$M),"")) | G13: =IF(A13="","",SUMIFS(Chicks!$N:$N,Chicks!$C:$C,A13)) | H13: =IF(A13="","",SUMIFS(Chicks!$O:$O,Chicks!$C:$C,A13)) | I13: =IF(A13="","",SUMIFS(Chicks!$P:$P,Chicks!$C:$C,A13))
B14: =IF(A14="","",COUNTIF(Chicks!$C:$C,A14)) | D14: =IF(A14="","",IFERROR(AVERAGEIF(Chicks!$C:$C,A14,Chicks!$K:$K),"")) | E14: =IF(A14="","",IFERROR(AVERAGEIF(Chicks!$C:$C,A14,Chicks!$L:$L),"")) | F14: =IF(A14="","",IFERROR(AVERAGEIF(Chicks!$C:$C,A14,Chicks!$M:$M),"")) | G14: =IF(A14="","",SUMIFS(Chicks!$N:$N,Chicks!$C:$C,A14)) | H14: =IF(A14="","",SUMIFS(Chicks!$O:$O,Chicks!$C:$C,A14)) | I14: =IF(A14="","",SUMIFS(Chicks!$P:$P,Chicks!$C:$C,A14))
B15: =IF(A15="","",COUNTIF(Chicks!$C:$C,A15)) | D15: =IF(A15="","",IFERROR(AVERAGEIF(Chicks!$C:$C,A15,Chicks!$K:$K),"")) | E15: =IF(A15="","",IFERROR(AVERAGEIF(Chicks!$C:$C,A15,Chicks!$L:$L),"")) | F15: =IF(A15="","",IFERROR(AVERAGEIF(Chicks!$C:$C,A15,Chicks!$M:$M),"")) | G15: =IF(A15="","",SUMIFS(Chicks!$N:$N,Chicks!$C:$C,A15)) | H15: =IF(A15="","",SUMIFS(Chicks!$O:$O,Chicks!$C:$C,A15)) | I15: =IF(A15="","",SUMIFS(Chicks!$P:$P,Chicks!$C:$C,A15))
B16: =IF(A16="","",COUNTIF(Chicks!$C:$C,A16)) | D16: =IF(A16="","",IFERROR(AVERAGEIF(Chicks!$C:$C,A16,Chicks!$K:$K),"")) | E16: =IF(A16="","",IFERROR(AVERAGEIF(Chicks!$C:$C,A16,Chicks!$L:$L),"")) | F16: =IF(A16="","",IFERROR(AVERAGEIF(Chicks!$C:$C,A16,Chicks!$M:$M),"")) | G16: =IF(A16="","",SUMIFS(Chicks!$N:$N,Chicks!$C:$C,A16)) | H16: =IF(A16="","",SUMIFS(Chicks!$O:$O,Chicks!$C:$C,A16)) | I16: =IF(A16="","",SUMIFS(Chicks!$P:$P,Chicks!$C:$C,A16))
B17: =IF(A17="","",COUNTIF(Chicks!$C:$C,A17)) | D17: =IF(A17="","",IFERROR(AVERAGEIF(Chicks!$C:$C,A17,Chicks!$K:$K),"")) | E17: =IF(A17="","",IFERROR(AVERAGEIF(Chicks!$C:$C,A17,Chicks!$L:$L),"")) | F17: =IF(A17="","",IFERROR(AVERAGEIF(Chicks!$C:$C,A17,Chicks!$M:$M),"")) | G17: =IF(A17="","",SUMIFS(Chicks!$N:$N,Chicks!$C:$C,A17)) | H17: =IF(A17="","",SUMIFS(Chicks!$O:$O,Chicks!$C:$C,A17)) | I17: =IF(A17="","",SUMIFS(Chicks!$P:$P,Chicks!$C:$C,A17))
B18: =IF(A18="","",COUNTIF(Chicks!$C:$C,A18)) | D18: =IF(A18="","",IFERROR(AVERAGEIF(Chicks!$C:$C,A18,Chicks!$K:$K),"")) | E18: =IF(A18="","",IFERROR(AVERAGEIF(Chicks!$C:$C,A18,Chicks!$L:$L),"")) | F18: =IF(A18="","",IFERROR(AVERAGEIF(Chicks!$C:$C,A18,Chicks!$M:$M),"")) | G18: =IF(A18="","",SUMIFS(Chicks!$N:$N,Chicks!$C:$C,A18)) | H18: =IF(A18="","",SUMIFS(Chicks!$O:$O,Chicks!$C:$C,A18)) | I18: =IF(A18="","",SUMIFS(Chicks!$P:$P,Chicks!$C:$C,A18))
B19: =IF(A19="","",COUNTIF(Chicks!$C:$C,A19)) | D19: =IF(A19="","",IFERROR(AVERAGEIF(Chicks!$C:$C,A19,Chicks!$K:$K),"")) | E19: =IF(A19="","",IFERROR(AVERAGEIF(Chicks!$C:$C,A19,Chicks!$L:$L),"")) | F19: =IF(A19="","",IFERROR(AVERAGEIF(Chicks!$C:$C,A19,Chicks!$M:$M),"")) | G19: =IF(A19="","",SUMIFS(Chicks!$N:$N,Chicks!$C:$C,A19)) | H19: =IF(A19="","",SUMIFS(Chicks!$O:$O,Chicks!$C:$C,A19)) | I19: =IF(A19="","",SUMIFS(Chicks!$P:$P,Chicks!$C:$C,A19))
B20: =IF(A20="","",COUNTIF(Chicks!$C:$C,A20)) | D20: =IF(A20="","",IFERROR(AVERAGEIF(Chicks!$C:$C,A20,Chicks!$K:$K),"")) | E20: =IF(A20="","",IFERROR(AVERAGEIF(Chicks!$C:$C,A20,Chicks!$L:$L),"")) | F20: =IF(A20="","",IFERROR(AVERAGEIF(Chicks!$C:$C,A20,Chicks!$M:$M),"")) | G20: =IF(A20="","",SUMIFS(Chicks!$N:$N,Chicks!$C:$C,A20)) | H20: =IF(A20="","",SUMIFS(Chicks!$O:$O,Chicks!$C:$C,A20)) | I20: =IF(A20="","",SUMIFS(Chicks!$P:$P,Chicks!$C:$C,A20))
B21: =IF(A21="","",COUNTIF(Chicks!$C:$C,A21)) | D21: =IF(A21="","",IFERROR(AVERAGEIF(Chicks!$C:$C,A21,Chicks!$K:$K),"")) | E21: =IF(A21="","",IFERROR(AVERAGEIF(Chicks!$C:$C,A21,Chicks!$L:$L),"")) | F21: =IF(A21="","",IFERROR(AVERAGEIF(Chicks!$C:$C,A21,Chicks!$M:$M),"")) | G21: =IF(A21="","",SUMIFS(Chicks!$N:$N,Chicks!$C:$C,A21)) | H21: =IF(A21="","",SUMIFS(Chicks!$O:$O,Chicks!$C:$C,A21)) | I21: =IF(A21="","",SUMIFS(Chicks!$P:$P,Chicks!$C:$C,A21))
... B1000: =IF(A1000="","",COUNTIF(Chicks!$C:$C,A1000)) | D1000: =IF(A1000="","",IFERROR(AVERAGEIF(Chicks!$C:$C,A1000,Chicks!$K:$K),"")) | E1000: =IF(A1000="","",IFERROR(AVERAGEIF(Chicks!$C:$C,A1000,Chicks!$L:$L),"")) | F1000: =IF(A1000="","",IFERROR(AVERAGEIF(Chicks!$C:$C,A1000,Chicks!$M:$M),"")) | G1000: =IF(A1000="","",SUMIFS(Chicks!$N:$N,Chicks!$C:$C,A1000)) | H1000: =IF(A1000="","",SUMIFS(Chicks!$O:$O,Chicks!$C:$C,A1000)) | I1000: =IF(A1000="","",SUMIFS(Chicks!$P:$P,Chicks!$C:$C,A1000))

Sheet ByMonth
A1: MonthBorn | B1: ChicksBorn | C1: Pre-Season Rank | D1: AvgFederationPos | E1: AvgLoftPos | F1: AverageRaceIndex | G1: Top20FedFinishes | H1: FedWins | I1: Loft top 3
A2: January | B2: =SUMPRODUCT(--(TEXT(Chicks!$D$2:$D$9992,"mmmm")=A2)) -> 9953 | C2: #ERROR! | D2: =IF($B2=0,"",SUMPRODUCT(--(TEXT(Chicks!$D$2:$D$9992,"mmmm")=A2),Chicks!$K$2:$K$9992)/$B2) -> 0 | E2: =IF($B2=0,"",SUMPRODUCT(--(TEXT(Chicks!$D$2:$D$9992,"mmmm")=A2),Chicks!$L$2:$L$9992)/$B2) -> 0 | F2: =IF($B2=0,"",SUMPRODUCT(--(TEXT(Chicks!$D$2:$D$9992,"mmmm")=A2),Chicks!$M$2:$M$9992)/$B2) -> 0 | G2: =SUMPRODUCT(--(TEXT(Chicks!$D$2:$D$9992,"mmmm")=A2),Chicks!$N$2:$N$9992) -> 0 | H2: =SUMPRODUCT(--(TEXT(Chicks!$D$2:$D$9992,"mmmm")=A2),Chicks!$O$2:$O$9992) -> 0 | I2: =SUMPRODUCT(--(TEXT(Chicks!$D$2:$D$9992,"mmmm")=A2),Chicks!$P$2:$P$9992) -> 0
A3: February | B3: =SUMPRODUCT(--(TEXT(Chicks!$D$2:$D$9992,"mmmm")=A3)) -> 0 | C3: #ERROR! | D3: =IF($B3=0,"",SUMPRODUCT(--(TEXT(Chicks!$D$2:$D$9992,"mmmm")=A3),Chicks!$K$2:$K$9992)/$B3) | E3: =IF($B3=0,"",SUMPRODUCT(--(TEXT(Chicks!$D$2:$D$9992,"mmmm")=A3),Chicks!$L$2:$L$9992)/$B3) | F3: =IF($B3=0,"",SUMPRODUCT(--(TEXT(Chicks!$D$2:$D$9992,"mmmm")=A3),Chicks!$M$2:$M$9992)/$B3) | G3: =SUMPRODUCT(--(TEXT(Chicks!$D$2:$D$9992,"mmmm")=A3),Chicks!$N$2:$N$9992) -> 0 | H3: =SUMPRODUCT(--(TEXT(Chicks!$D$2:$D$9992,"mmmm")=A3),Chicks!$O$2:$O$9992) -> 0 | I3: =SUMPRODUCT(--(TEXT(Chicks!$D$2:$D$9992,"mmmm")=A3),Chicks!$P$2:$P$9992) -> 0
A4: March | B4: =SUMPRODUCT(--(TEXT(Chicks!$D$2:$D$9992,"mmmm")=A4)) -> 0 | C4: #ERROR! | D4: =IF($B4=0,"",SUMPRODUCT(--(TEXT(Chicks!$D$2:$D$9992,"mmmm")=A4),Chicks!$K$2:$K$9992)/$B4) | E4: =IF($B4=0,"",SUMPRODUCT(--(TEXT(Chicks!$D$2:$D$9992,"mmmm")=A4),Chicks!$L$2:$L$9992)/$B4) | F4: =IF($B4=0,"",SUMPRODUCT(--(TEXT(Chicks!$D$2:$D$9992,"mmmm")=A4),Chicks!$M$2:$M$9992)/$B4) | G4: =SUMPRODUCT(--(TEXT(Chicks!$D$2:$D$9992,"mmmm")=A4),Chicks!$N$2:$N$9992) -> 0 | H4: =SUMPRODUCT(--(TEXT(Chicks!$D$2:$D$9992,"mmmm")=A4),Chicks!$O$2:$O$9992) -> 0 | I4: =SUMPRODUCT(--(TEXT(Chicks!$D$2:$D$9992,"mmmm")=A4),Chicks!$P$2:$P$9992) -> 0
A5: April | B5: =SUMPRODUCT(--(TEXT(Chicks!$D$2:$D$9992,"mmmm")=A5)) -> 0 | C5: #ERROR! | D5: =IF($B5=0,"",SUMPRODUCT(--(TEXT(Chicks!$D$2:$D$9992,"mmmm")=A5),Chicks!$K$2:$K$9992)/$B5) | E5: =IF($B5=0,"",SUMPRODUCT(--(TEXT(Chicks!$D$2:$D$9992,"mmmm")=A5),Chicks!$L$2:$L$9992)/$B5) | F5: =IF($B5=0,"",SUMPRODUCT(--(TEXT(Chicks!$D$2:$D$9992,"mmmm")=A5),Chicks!$M$2:$M$9992)/$B5) | G5: =SUMPRODUCT(--(TEXT(Chicks!$D$2:$D$9992,"mmmm")=A5),Chicks!$N$2:$N$9992) -> 0 | H5: =SUMPRODUCT(--(TEXT(Chicks!$D$2:$D$9992,"mmmm")=A5),Chicks!$O$2:$O$9992) -> 0 | I5: =SUMPRODUCT(--(TEXT(Chicks!$D$2:$D$9992,"mmmm")=A5),Chicks!$P$2:$P$9992) -> 0
A6: May | B6: =SUMPRODUCT(--(TEXT(Chicks!$D$2:$D$9992,"mmmm")=A6)) -> 0 | C6: #ERROR! | D6: =IF($B6=0,"",SUMPRODUCT(--(TEXT(Chicks!$D$2:$D$9992,"mmmm")=A6),Chicks!$K$2:$K$9992)/$B6) | E6: =IF($B6=0,"",SUMPRODUCT(--(TEXT(Chicks!$D$2:$D$9992,"mmmm")=A6),Chicks!$L$2:$L$9992)/$B6) | F6: =IF($B6=0,"",SUMPRODUCT(--(TEXT(Chicks!$D$2:$D$9992,"mmmm")=A6),Chicks!$M$2:$M$9992)/$B6) | G6: =SUMPRODUCT(--(TEXT(Chicks!$D$2:$D$9992,"mmmm")=A6),Chicks!$N$2:$N$9992) -> 0 | H6: =SUMPRODUCT(--(TEXT(Chicks!$D$2:$D$9992,"mmmm")=A6),Chicks!$O$2:$O$9992) -> 0 | I6: =SUMPRODUCT(--(TEXT(Chicks!$D$2:$D$9992,"mmmm")=A6),Chicks!$P$2:$P$9992) -> 0
A7: June | B7: =SUMPRODUCT(--(TEXT(Chicks!$D$2:$D$9992,"mmmm")=A7)) -> 0 | C7: #ERROR! | D7: =IF($B7=0,"",SUMPRODUCT(--(TEXT(Chicks!$D$2:$D$9992,"mmmm")=A7),Chicks!$K$2:$K$9992)/$B7) | E7: =IF($B7=0,"",SUMPRODUCT(--(TEXT(Chicks!$D$2:$D$9992,"mmmm")=A7),Chicks!$L$2:$L$9992)/$B7) | F7: =IF($B7=0,"",SUMPRODUCT(--(TEXT(Chicks!$D$2:$D$9992,"mmmm")=A7),Chicks!$M$2:$M$9992)/$B7) | G7: =SUMPRODUCT(--(TEXT(Chicks!$D$2:$D$9992,"mmmm")=A7),Chicks!$N$2:$N$9992) -> 0 | H7: =SUMPRODUCT(--(TEXT(Chicks!$D$2:$D$9992,"mmmm")=A7),Chicks!$O$2:$O$9992) -> 0 | I7: =SUMPRODUCT(--(TEXT(Chicks!$D$2:$D$9992,"mmmm")=A7),Chicks!$P$2:$P$9992) -> 0
A8: July | B8: =SUMPRODUCT(--(TEXT(Chicks!$D$2:$D$9992,"mmmm")=A8)) -> 9 | C8: #ERROR! | D8: =IF($B8=0,"",SUMPRODUCT(--(TEXT(Chicks!$D$2:$D$9992,"mmmm")=A8),Chicks!$K$2:$K$9992)/$B8) -> 0 | E8: =IF($B8=0,"",SUMPRODUCT(--(TEXT(Chicks!$D$2:$D$9992,"mmmm")=A8),Chicks!$L$2:$L$9992)/$B8) -> 0 | F8: =IF($B8=0,"",SUMPRODUCT(--(TEXT(Chicks!$D$2:$D$9992,"mmmm")=A8),Chicks!$M$2:$M$9992)/$B8) -> 0 | G8: =SUMPRODUCT(--(TEXT(Chicks!$D$2:$D$9992,"mmmm")=A8),Chicks!$N$2:$N$9992) -> 0 | H8: =SUMPRODUCT(--(TEXT(Chicks!$D$2:$D$9992,"mmmm")=A8),Chicks!$O$2:$O$9992) -> 0 | I8: =SUMPRODUCT(--(TEXT(Chicks!$D$2:$D$9992,"mmmm")=A8),Chicks!$P$2:$P$9992) -> 0
A9: August | B9: =SUMPRODUCT(--(TEXT(Chicks!$D$2:$D$9992,"mmmm")=A9)) -> 0 | C9: #ERROR! | D9: =IF($B9=0,"",SUMPRODUCT(--(TEXT(Chicks!$D$2:$D$9992,"mmmm")=A9),Chicks!$K$2:$K$9992)/$B9) | E9: =IF($B9=0,"",SUMPRODUCT(--(TEXT(Chicks!$D$2:$D$9992,"mmmm")=A9),Chicks!$L$2:$L$9992)/$B9) | F9: =IF($B9=0,"",SUMPRODUCT(--(TEXT(Chicks!$D$2:$D$9992,"mmmm")=A9),Chicks!$M$2:$M$9992)/$B9) | G9: =SUMPRODUCT(--(TEXT(Chicks!$D$2:$D$9992,"mmmm")=A9),Chicks!$N$2:$N$9992) -> 0 | H9: =SUMPRODUCT(--(TEXT(Chicks!$D$2:$D$9992,"mmmm")=A9),Chicks!$O$2:$O$9992) -> 0 | I9: =SUMPRODUCT(--(TEXT(Chicks!$D$2:$D$9992,"mmmm")=A9),Chicks!$P$2:$P$9992) -> 0
A10: September | B10: =SUMPRODUCT(--(TEXT(Chicks!$D$2:$D$9992,"mmmm")=A10)) -> 12 | C10: #ERROR! | D10: =IF($B10=0,"",SUMPRODUCT(--(TEXT(Chicks!$D$2:$D$9992,"mmmm")=A10),Chicks!$K$2:$K$9992)/$B10) -> 21.708333 | E10: =IF($B10=0,"",SUMPRODUCT(--(TEXT(Chicks!$D$2:$D$9992,"mmmm")=A10),Chicks!$L$2:$L$9992)/$B10) -> 2.1666667 | F10: =IF($B10=0,"",SUMPRODUCT(--(TEXT(Chicks!$D$2:$D$9992,"mmmm")=A10),Chicks!$M$2:$M$9992)/$B10) -> 0.19816986 | G10: =SUMPRODUCT(--(TEXT(Chicks!$D$2:$D$9992,"mmmm")=A10),Chicks!$N$2:$N$9992) -> 1 | H10: =SUMPRODUCT(--(TEXT(Chicks!$D$2:$D$9992,"mmmm")=A10),Chicks!$O$2:$O$9992) -> 0 | I10: =SUMPRODUCT(--(TEXT(Chicks!$D$2:$D$9992,"mmmm")=A10),Chicks!$P$2:$P$9992) -> 2
A11: October | B11: =SUMPRODUCT(--(TEXT(Chicks!$D$2:$D$9992,"mmmm")=A11)) -> 7 | C11: #ERROR! | D11: =IF($B11=0,"",SUMPRODUCT(--(TEXT(Chicks!$D$2:$D$9992,"mmmm")=A11),Chicks!$K$2:$K$9992)/$B11) -> 35.5 | E11: =IF($B11=0,"",SUMPRODUCT(--(TEXT(Chicks!$D$2:$D$9992,"mmmm")=A11),Chicks!$L$2:$L$9992)/$B11) -> 3.7857143 | F11: =IF($B11=0,"",SUMPRODUCT(--(TEXT(Chicks!$D$2:$D$9992,"mmmm")=A11),Chicks!$M$2:$M$9992)/$B11) -> 0.19815387 | G11: =SUMPRODUCT(--(TEXT(Chicks!$D$2:$D$9992,"mmmm")=A11),Chicks!$N$2:$N$9992) -> 0 | H11: =SUMPRODUCT(--(TEXT(Chicks!$D$2:$D$9992,"mmmm")=A11),Chicks!$O$2:$O$9992) -> 0 | I11: =SUMPRODUCT(--(TEXT(Chicks!$D$2:$D$9992,"mmmm")=A11),Chicks!$P$2:$P$9992) -> 0
A12: November | B12: =SUMPRODUCT(--(TEXT(Chicks!$D$2:$D$9992,"mmmm")=A12)) -> 10 | C12: #ERROR! | D12: =IF($B12=0,"",SUMPRODUCT(--(TEXT(Chicks!$D$2:$D$9992,"mmmm")=A12),Chicks!$K$2:$K$9992)/$B12) -> 26.95 | E12: =IF($B12=0,"",SUMPRODUCT(--(TEXT(Chicks!$D$2:$D$9992,"mmmm")=A12),Chicks!$L$2:$L$9992)/$B12) -> 2.9 | F12: =IF($B12=0,"",SUMPRODUCT(--(TEXT(Chicks!$D$2:$D$9992,"mmmm")=A12),Chicks!$M$2:$M$9992)/$B12) -> 0.12373706 | G12: =SUMPRODUCT(--(TEXT(Chicks!$D$2:$D$9992,"mmmm")=A12),Chicks!$N$2:$N$9992) -> 0 | H12: =SUMPRODUCT(--(TEXT(Chicks!$D$2:$D$9992,"mmmm")=A12),Chicks!$O$2:$O$9992) -> 0 | I12: =SUMPRODUCT(--(TEXT(Chicks!$D$2:$D$9992,"mmmm")=A12),Chicks!$P$2:$P$9992) -> 0
A13: December | B13: =SUMPRODUCT(--(TEXT(Chicks!$D$2:$D$9992,"mmmm")=A13)) -> 0 | C13: #ERROR! | D13: =IF($B13=0,"",SUMPRODUCT(--(TEXT(Chicks!$D$2:$D$9992,"mmmm")=A13),Chicks!$K$2:$K$9992)/$B13) | E13: =IF($B13=0,"",SUMPRODUCT(--(TEXT(Chicks!$D$2:$D$9992,"mmmm")=A13),Chicks!$L$2:$L$9992)/$B13) | F13: =IF($B13=0,"",SUMPRODUCT(--(TEXT(Chicks!$D$2:$D$9992,"mmmm")=A13),Chicks!$M$2:$M$9992)/$B13) | G13: =SUMPRODUCT(--(TEXT(Chicks!$D$2:$D$9992,"mmmm")=A13),Chicks!$N$2:$N$9992) -> 0 | H13: =SUMPRODUCT(--(TEXT(Chicks!$D$2:$D$9992,"mmmm")=A13),Chicks!$O$2:$O$9992) -> 0 | I13: =SUMPRODUCT(--(TEXT(Chicks!$D$2:$D$9992,"mmmm")=A13),Chicks!$P$2:$P$9992) -> 0

Sheet Summary
A1: BestCocks | B1: BreedingIndex | F1: BestHens | G1: BreedingIndex | K1: BestRounds | L1: AverageRaceIndex | P1: BestMonth | Q1: AverageRaceIndex
A2: {=INDEX(Cocks!$A$2:$A$997, MATCH(LARGE(Cocks!$J$2:$J$997, ROWS($A$2:A2)), Cocks!$J$2:$J$997, 0))} -> ZA-2020-OP-19773 | B2: =LARGE(Cocks!$J$2:$J$997, ROWS($A$2:A2)) -> 0.65702929 | F2: {=INDEX(Hens!$A$2:$A$998, MATCH(LARGE(Hens!$J$2:$J$998, ROWS($F$2:F2)), Hens!$J$2:$J$998, 0))} -> ZA-2022-DUVE-255 | G2: =LARGE(Hens!$J$2:$J$998, ROWS($F$2:F2)) -> 0.65702929 | K2: {=INDEX(ByRound!$A$2:$A$1000, MATCH(MAX(ByRound!$F$2:$F$1000), ByRound!$F$2:$F$1000, 0))} -> 4 | L2: =MAX(ByRound!$F$2:$F$1000) -> 0.63784461 | P2: {=INDEX(ByMonth!$A$2:$A$13, MATCH(LARGE(ByMonth!$F$2:$F$13, ROWS($P$2:P2)), ByMonth!$F$2:$F$13, 0))} -> September | Q2: =LARGE(ByMonth!$F$2:$F$13, ROWS($P$2:P2)) -> 0.19816986
A3: {=INDEX(Cocks!$A$2:$A$997, MATCH(LARGE(Cocks!$J$2:$J$997, ROWS($A$2:A3)), Cocks!$J$2:$J$997, 0))} -> ZA-2019-OPJB-251 | B3: =LARGE(Cocks!$J$2:$J$997, ROWS($A$2:A3)) -> 0.63230393 | F3: {=INDEX(Hens!$A$2:$A$998, MATCH(LARGE(Hens!$J$2:$J$998, ROWS($F$2:F3)), Hens!$J$2:$J$998, 0))} -> ZA-2022-DUVE-243 | G3: =LARGE(Hens!$J$2:$J$998, ROWS($F$2:F3)) -> 0.63784461 | P3: {=INDEX(ByMonth!$A$2:$A$13, MATCH(LARGE(ByMonth!$F$2:$F$13, ROWS($P$2:P3)), ByMonth!$F$2:$F$13, 0))} -> October | Q3: =LARGE(ByMonth!$F$2:$F$13, ROWS($P$2:P3)) -> 0.19815387
A4: {=INDEX(Cocks!$A$2:$A$997, MATCH(LARGE(Cocks!$J$2:$J$997, ROWS($A$2:A4)), Cocks!$J$2:$J$997, 0))} -> ZA-2015-OP-7903 | B4: =LARGE(Cocks!$J$2:$J$997, ROWS($A$2:A4)) -> 0.57949766 | F4: {=INDEX(Hens!$A$2:$A$998, MATCH(LARGE(Hens!$J$2:$J$998, ROWS($F$2:F4)), Hens!$J$2:$J$998, 0))} -> ZA-2020-OP-17032 | G4: =LARGE(Hens!$J$2:$J$998, ROWS($F$2:F4)) -> 0.63230393

Sheet Instructions
A1: Instructions for Combined Breeding Index workbook:
A2: 1. Paste your race-level data into the RacePerformance sheet exactly matching the headers.
A3: 2. Paste chick-level records into the Chicks sheet (ChickID must match RacePerformance ChickID).
A4: - InChick EndSeason column should be 'Yes' or 'No' (drop-down can be created by user).
A5: 3. Add cocks, hens, pairs lists into their sheets. The formulas will calculate counts and indices automatically.
A6: 4. Columns with light-blue fill are intended for user input only.
A7: 5. If your Excel version does not support whole-column array formulas, copy formulas down the rows manually or convert to helper columns.
A8: 6. Contact me if you want me to import your existing files into this workbook and map columns automatically.

Sheet Lists
A1: PairsList | B1: YesNo
B2: Yes
B3: No
